time stamp, pressure, Pump 2, Pump 1, Valve Out, Valve In, Alarm
1588809554250, 9120281, 0, 1, 1, 1, 0
1588809554500, 9119097, 0, 1, 1, 1, 0
1588809554750, 9120266, 0, 1, 1, 1, 0
1588809555000, 9119630, 0, 1, 1, 1, 0
1588809555250, 9118556, 0, 1, 1, 1, 0
1588809555500, 9119597, 0, 1, 1, 1, 0
1588809555750, 9120073, 0, 1, 1, 1, 0
1588809556000, 9119779, 0, 1, 1, 1, 0
1588809556250, 9119710, 0, 1, 1, 1, 0
1588809556500, 9119161, 0, 1, 1, 1, 0
1588809556750, 9120182, 0, 1, 1, 1, 0
1588809557000, 9119159, 0, 1, 1, 1, 0
1588809557250, 9118178, 0, 1, 1, 1, 0
1588809557500, 9117285, 0, 1, 1, 1, 0
1588809557750, 9116707, 0, 1, 1, 1, 0
1588809558000, 9117716, 0, 1, 1, 1, 0
1588809558250, 9118160, 0, 1, 1, 1, 0
1588809558500, 9119227, 0, 1, 1, 1, 0
1588809558750, 9119294, 0, 1, 1, 1, 0
1588809559000, 9118563, 0, 1, 1, 1, 0
1588809559250, 9117932, 0, 1, 1, 1, 0
1588809559500, 9118943, 0, 1, 1, 1, 0
1588809559750, 9118335, 0, 1, 1, 1, 0
1588809560000, 9118278, 0, 1, 1, 1, 0
1588809560250, 9117154, 0, 1, 1, 1, 0
1588809560500, 9116928, 0, 1, 1, 1, 0
1588809560750, 9117277, 0, 1, 1, 1, 0
1588809561000, 9117309, 0, 1, 1, 1, 0
1588809561250, 9117784, 0, 1, 1, 1, 0
1588809561500, 9117878, 0, 1, 1, 1, 0
1588809561750, 9117757, 0, 1, 1, 1, 0
1588809562000, 9118062, 0, 1, 1, 1, 0
1588809562250, 9118172, 0, 1, 1, 1, 0
1588809562500, 9118019, 0, 1, 1, 1, 0
1588809562750, 9118452, 0, 1, 1, 1, 0
1588809563000, 9118252, 0, 1, 1, 1, 0
1588809563250, 9117503, 0, 1, 1, 1, 0
1588809563500, 9117211, 0, 1, 1, 1, 0
1588809563750, 9117918, 0, 1, 1, 1, 0
1588809564000, 9118301, 0, 1, 1, 1, 0
1588809564250, 9118661, 0, 1, 1, 1, 0
1588809564500, 9118752, 0, 1, 1, 1, 0
1588809564750, 9118876, 0, 1, 1, 1, 0
1588809565000, 9119019, 0, 1, 1, 1, 0
1588809565250, 9119417, 0, 1, 1, 1, 0
1588809565500, 9120163, 0, 1, 1, 1, 0
1588809565750, 9120115, 0, 1, 1, 1, 0
1588809566000, 9119756, 0, 1, 1, 1, 0
1588809566250, 9120369, 0, 1, 1, 1, 0
1588809566500, 9121152, 0, 1, 1, 1, 0
1588809566750, 9120826, 0, 1, 1, 1, 0
1588809567000, 9121572, 0, 1, 1, 1, 0
1588809567250, 9122166, 0, 1, 1, 1, 0
1588809567500, 9122432, 0, 1, 1, 1, 0
1588809567750, 9121484, 0, 1, 1, 1, 0
1588809568000, 9121718, 0, 1, 1, 1, 0
1588809568250, 9122523, 0, 1, 1, 1, 0
1588809568500, 9122688, 0, 1, 1, 1, 0
1588809568750, 9121753, 0, 1, 1, 1, 0
1588809569000, 9121396, 0, 1, 1, 1, 0
1588809569250, 9120454, 0, 1, 1, 1, 0
1588809569500, 9120163, 0, 1, 1, 1, 0
1588809569750, 9121311, 0, 1, 1, 1, 0
1588809570000, 9121244, 0, 1, 1, 1, 0
1588809570250, 9121564, 0, 1, 1, 1, 0
1588809570500, 9121508, 0, 1, 1, 1, 0
1588809570750, 9122441, 0, 1, 1, 1, 0
1588809571000, 9123213, 0, 1, 1, 1, 0
1588809571250, 9123629, 0, 1, 1, 1, 0
1588809571500, 9123632, 0, 1, 1, 1, 0
1588809571750, 9123586, 0, 1, 1, 1, 0
1588809572000, 9123161, 0, 1, 1, 1, 0
1588809572250, 9124019, 0, 1, 1, 1, 0
1588809572500, 9124861, 0, 1, 1, 1, 0
1588809572750, 9125344, 0, 1, 1, 1, 0
1588809573000, 9125399, 0, 1, 1, 1, 0
1588809573250, 9125786, 0, 1, 1, 1, 0
1588809573500, 9126985, 0, 1, 1, 1, 0
1588809573750, 9127446, 0, 1, 1, 1, 0
1588809574000, 9126809, 0, 1, 1, 1, 0
1588809574250, 9127590, 0, 1, 1, 1, 0
1588809574500, 9126524, 0, 1, 1, 1, 0
1588809574750, 9127397, 0, 1, 1, 1, 0
1588809575000, 9127135, 0, 1, 1, 1, 0
1588809575250, 9127100, 0, 1, 1, 1, 0
1588809575500, 9128225, 0, 1, 1, 1, 0
1588809575750, 9129397, 0, 1, 1, 1, 0
1588809576000, 9128966, 0, 1, 1, 1, 0
1588809576250, 9128619, 0, 1, 1, 1, 0
1588809576500, 9129621, 0, 1, 1, 1, 0
1588809576750, 9130033, 0, 1, 1, 1, 0
1588809577000, 9129945, 0, 1, 1, 1, 0
1588809577250, 9129019, 0, 1, 1, 1, 0
1588809577500, 9128942, 0, 1, 1, 1, 0
1588809577750, 9129551, 0, 1, 1, 1, 0
1588809578000, 9130145, 0, 1, 1, 1, 0
1588809578250, 9131212, 0, 1, 1, 1, 0
1588809578500, 9131117, 0, 1, 1, 1, 0
1588809578750, 9131282, 0, 1, 1, 1, 0
1588809579000, 9131564, 0, 1, 1, 1, 0
1588809579250, 9132237, 0, 1, 1, 1, 0
1588809579500, 9133120, 0, 1, 1, 1, 0
1588809579750, 9133742, 0, 1, 1, 1, 0
1588809580000, 9134072, 0, 1, 1, 1, 0
1588809580250, 9134596, 0, 1, 1, 1, 0
1588809580500, 9134064, 0, 1, 1, 1, 0
1588809580750, 9133249, 0, 1, 1, 1, 0
1588809581000, 9132524, 0, 1, 1, 1, 0
1588809581250, 9131990, 0, 1, 1, 1, 0
1588809581500, 9132836, 0, 1, 1, 1, 0
1588809581750, 9132238, 0, 1, 1, 1, 0
1588809582000, 9133249, 0, 1, 1, 1, 0
1588809582250, 9133793, 0, 1, 1, 1, 0
1588809582500, 9132868, 0, 1, 1, 1, 0
1588809582750, 9132417, 0, 1, 1, 1, 0
1588809583000, 9131725, 0, 1, 1, 1, 0
1588809583250, 9132689, 0, 1, 1, 1, 0
1588809583500, 9131773, 0, 1, 1, 1, 0
1588809583750, 9131414, 0, 1, 1, 1, 0
1588809584000, 9130831, 0, 1, 1, 1, 0
1588809584250, 9131681, 0, 1, 1, 1, 0
1588809584500, 9130533, 0, 1, 1, 1, 0
1588809584750, 9130626, 0, 1, 1, 1, 0
1588809585000, 9131750, 0, 1, 1, 1, 0
1588809585250, 9131289, 0, 1, 1, 1, 0
1588809585500, 9130354, 0, 1, 1, 1, 0
1588809585750, 9130872, 0, 1, 1, 1, 0
1588809586000, 9129841, 0, 1, 1, 1, 0
1588809586250, 9130011, 0, 1, 1, 1, 0
1588809586500, 9129057, 0, 1, 1, 1, 0
1588809586750, 9129073, 0, 1, 1, 1, 0
1588809587000, 9128715, 0, 1, 1, 1, 0
1588809587250, 9129409, 0, 1, 1, 1, 0
1588809587500, 9128410, 0, 1, 1, 1, 0
1588809587750, 9129583, 0, 1, 1, 1, 0
1588809588000, 9129164, 0, 1, 1, 1, 0
1588809588250, 9128833, 0, 1, 1, 1, 0
1588809588500, 9129955, 0, 1, 1, 1, 0
1588809588750, 9129575, 0, 1, 1, 1, 0
1588809589000, 9129910, 0, 1, 1, 1, 0
1588809589250, 9130241, 0, 1, 1, 1, 0
1588809589500, 9130464, 0, 1, 1, 1, 0
1588809589750, 9130609, 0, 1, 1, 1, 0
1588809590000, 9130283, 0, 1, 1, 1, 0
1588809590250, 9130781, 0, 1, 1, 1, 0
1588809590500, 9131239, 0, 1, 1, 1, 0
1588809590750, 9130986, 0, 1, 1, 1, 0
1588809591000, 9130811, 0, 1, 1, 1, 0
1588809591250, 9131118, 0, 1, 1, 1, 0
1588809591500, 9131706, 0, 1, 1, 1, 0
1588809591750, 9131712, 0, 1, 1, 1, 0
1588809592000, 9131668, 0, 1, 1, 1, 0
1588809592250, 9131873, 0, 1, 1, 1, 0
1588809592500, 9130771, 0, 1, 1, 1, 0
1588809592750, 9130215, 0, 1, 1, 1, 0
1588809593000, 9130723, 0, 1, 1, 1, 0
1588809593250, 9129886, 0, 1, 1, 1, 0
1588809593500, 9130612, 0, 1, 1, 1, 0
1588809593750, 9131290, 0, 1, 1, 1, 0
1588809594000, 9131824, 0, 1, 1, 1, 0
1588809594250, 9132796, 0, 1, 1, 1, 0
1588809594500, 9132289, 0, 1, 1, 1, 0
1588809594750, 9133229, 0, 1, 1, 1, 0
1588809595000, 9133258, 0, 1, 1, 1, 0
1588809595250, 9132952, 0, 1, 1, 1, 0
1588809595500, 9133864, 0, 1, 1, 1, 0
1588809595750, 9134675, 0, 1, 1, 1, 0
1588809596000, 9134802, 0, 1, 1, 1, 0
1588809596250, 9135199, 0, 1, 1, 1, 0
1588809596500, 9134429, 0, 1, 1, 1, 0
1588809596750, 9133690, 0, 1, 1, 1, 0
1588809597000, 9133217, 0, 1, 1, 1, 0
1588809597250, 9133434, 0, 1, 1, 1, 0
1588809597500, 9133604, 0, 1, 1, 1, 0
1588809597750, 9133570, 0, 1, 1, 1, 0
1588809598000, 9133084, 0, 1, 1, 1, 0
1588809598250, 9132076, 0, 1, 1, 1, 0
1588809598500, 9132989, 0, 1, 1, 1, 0
1588809598750, 9133093, 0, 1, 1, 1, 0
1588809599000, 9133592, 0, 1, 1, 1, 0
1588809599250, 9133456, 0, 1, 1, 1, 0
1588809599500, 9132365, 0, 1, 1, 1, 0
1588809599750, 9131619, 0, 1, 1, 1, 0
1588809600000, 9132452, 0, 1, 1, 1, 0
1588809600250, 9133425, 0, 1, 1, 1, 0
1588809600500, 9133323, 0, 1, 1, 1, 0
1588809600750, 9133464, 0, 1, 1, 1, 0
1588809601000, 9132399, 0, 1, 1, 1, 0
1588809601250, 9131822, 0, 1, 1, 1, 0
1588809601500, 9131004, 0, 1, 1, 1, 0
1588809601750, 9131237, 0, 1, 1, 1, 0
1588809602000, 9132397, 0, 1, 1, 1, 0
1588809602250, 9132272, 0, 1, 1, 1, 0
1588809602500, 9131809, 0, 1, 1, 1, 0
1588809602750, 9131361, 0, 1, 1, 1, 0
1588809603000, 9131694, 0, 1, 1, 1, 0
1588809603250, 9130506, 0, 1, 1, 1, 0
1588809603500, 9129668, 0, 1, 1, 1, 0
1588809603750, 9128927, 0, 1, 1, 1, 0
1588809604000, 9129337, 0, 1, 1, 1, 0
1588809604250, 9128494, 0, 1, 1, 1, 0
1588809604500, 9127778, 0, 1, 1, 1, 0
1588809604750, 9128479, 0, 1, 1, 1, 0
1588809605000, 9129053, 0, 1, 1, 1, 0
1588809605250, 9129271, 0, 1, 1, 1, 0
1588809605500, 9128737, 0, 1, 1, 1, 0
1588809605750, 9129590, 0, 1, 1, 1, 0
1588809606000, 9130000, 0, 1, 1, 1, 0
1588809606250, 9131143, 0, 1, 1, 1, 0
1588809606500, 9130463, 0, 1, 1, 1, 0
1588809606750, 9130171, 0, 1, 1, 1, 0
1588809607000, 9129542, 0, 1, 1, 1, 0
1588809607250, 9128971, 0, 1, 1, 1, 0
1588809607500, 9128698, 0, 1, 1, 1, 0
1588809607750, 9127701, 0, 1, 1, 1, 0
1588809608000, 9126902, 0, 1, 1, 1, 0
1588809608250, 9127291, 0, 1, 1, 1, 0
1588809608500, 9127199, 0, 1, 1, 1, 0
1588809608750, 9126100, 0, 1, 1, 1, 0
1588809609000, 9126677, 0, 1, 1, 1, 0
1588809609250, 9126967, 0, 1, 1, 1, 0
1588809609500, 9126865, 0, 1, 1, 1, 0
1588809609750, 9126965, 0, 1, 1, 1, 0
1588809610000, 9125929, 0, 1, 1, 1, 0
1588809610250, 9126564, 0, 1, 1, 1, 0
1588809610500, 9127416, 0, 1, 1, 1, 0
1588809610750, 9127477, 0, 1, 1, 1, 0
1588809611000, 9128125, 0, 1, 1, 1, 0
1588809611250, 9128904, 0, 1, 1, 1, 0
1588809611500, 9128988, 0, 1, 1, 1, 0
1588809611750, 9128409, 0, 1, 1, 1, 0
1588809612000, 9129109, 0, 1, 1, 1, 0
1588809612250, 9129241, 0, 1, 1, 1, 0
1588809612500, 9128162, 0, 1, 1, 1, 0
1588809612750, 9127799, 0, 1, 1, 1, 0
1588809613000, 9126949, 0, 1, 1, 1, 0
1588809613250, 9126537, 0, 1, 1, 1, 0
1588809613500, 9125826, 0, 1, 1, 1, 0
1588809613750, 9126150, 0, 1, 1, 1, 0
1588809614000, 9125244, 0, 1, 1, 1, 0
1588809614250, 9124617, 0, 1, 1, 1, 0
1588809614500, 9125414, 0, 1, 1, 1, 0
1588809614750, 9125079, 0, 1, 1, 1, 0
1588809615000, 9124646, 0, 1, 1, 1, 0
1588809615250, 9123969, 0, 1, 1, 1, 0
1588809615500, 9123402, 0, 1, 1, 1, 0
1588809615750, 9123370, 0, 1, 1, 1, 0
1588809616000, 9123846, 0, 1, 1, 1, 0
1588809616250, 9124387, 0, 1, 1, 1, 0
1588809616500, 9124020, 0, 1, 1, 1, 0
1588809616750, 9123872, 0, 1, 1, 1, 0
1588809617000, 9123503, 0, 1, 1, 1, 0
1588809617250, 9123799, 0, 1, 1, 1, 0
1588809617500, 9124951, 0, 1, 1, 1, 0
1588809617750, 9124310, 0, 1, 1, 1, 0
1588809618000, 9124040, 0, 1, 1, 1, 0
1588809618250, 9124844, 0, 1, 1, 1, 0
1588809618500, 9125029, 0, 1, 1, 1, 0
1588809618750, 9126171, 0, 1, 1, 1, 0
1588809619000, 9126117, 0, 1, 1, 1, 0
1588809619250, 9125185, 0, 1, 1, 1, 0
1588809619500, 9124547, 0, 1, 1, 1, 0
1588809619750, 9123992, 0, 1, 1, 1, 0
1588809620000, 9123957, 0, 1, 1, 1, 0
1588809620250, 9123441, 0, 1, 1, 1, 0
1588809620500, 9123723, 0, 1, 1, 1, 0
1588809620750, 9124038, 0, 1, 1, 1, 0
1588809621000, 9123874, 0, 1, 1, 1, 0
1588809621250, 9124210, 0, 1, 1, 1, 0
1588809621500, 9123212, 0, 1, 1, 1, 0
1588809621750, 9123342, 0, 1, 1, 1, 0
1588809622000, 9124251, 0, 1, 1, 1, 0
1588809622250, 9125250, 0, 1, 1, 1, 0
1588809622500, 9125810, 0, 1, 1, 1, 0
1588809622750, 9125085, 0, 1, 1, 1, 0
1588809623000, 9126171, 0, 1, 1, 1, 0
1588809623250, 9127364, 0, 1, 1, 1, 0
1588809623500, 9127372, 0, 1, 1, 1, 0
1588809623750, 9127734, 0, 1, 1, 1, 0
1588809624000, 9127831, 0, 1, 1, 1, 0
1588809624250, 9128236, 0, 1, 1, 1, 0
1588809624500, 9129214, 0, 1, 1, 1, 0
1588809624750, 9130142, 0, 1, 1, 1, 0
1588809625000, 9129642, 0, 1, 1, 1, 0
1588809625250, 9130136, 0, 1, 1, 1, 0
1588809625500, 9131188, 0, 1, 1, 1, 0
1588809625750, 9131619, 0, 1, 1, 1, 0
1588809626000, 9131716, 0, 1, 1, 1, 0
1588809626250, 9131752, 0, 1, 1, 1, 0
1588809626500, 9131688, 0, 1, 1, 1, 0
1588809626750, 9132495, 0, 1, 1, 1, 0
1588809627000, 9132363, 0, 1, 1, 1, 0
1588809627250, 9132862, 0, 1, 1, 1, 0
1588809627500, 9131913, 0, 1, 1, 1, 0
1588809627750, 9132946, 0, 1, 1, 1, 0
1588809628000, 9134129, 0, 1, 1, 1, 0
1588809628250, 9134662, 0, 1, 1, 1, 0
1588809628500, 9134373, 0, 1, 1, 1, 0
1588809628750, 9133755, 0, 1, 1, 1, 0
1588809629000, 9132987, 0, 1, 1, 1, 0
1588809629250, 9132901, 0, 1, 1, 1, 0
1588809629500, 9133177, 0, 1, 1, 1, 0
1588809629750, 9132118, 0, 1, 1, 1, 0
1588809630000, 9131394, 0, 1, 1, 1, 0
1588809630250, 9131029, 0, 1, 1, 1, 0
1588809630500, 9130009, 0, 1, 1, 1, 0
1588809630750, 9131136, 0, 1, 1, 1, 0
1588809631000, 9130327, 0, 1, 1, 1, 0
1588809631250, 9130515, 0, 1, 1, 1, 0
1588809631500, 9130367, 0, 1, 1, 1, 0
1588809631750, 9130856, 0, 1, 1, 1, 0
1588809632000, 9130249, 0, 1, 1, 1, 0
1588809632250, 9129878, 0, 1, 1, 1, 0
1588809632500, 9129658, 0, 1, 1, 1, 0
1588809632750, 9129315, 0, 1, 1, 1, 0
1588809633000, 9128237, 0, 1, 1, 1, 0
1588809633250, 9127432, 0, 1, 1, 1, 0
1588809633500, 9128284, 0, 1, 1, 1, 0
1588809633750, 9128067, 0, 1, 1, 1, 0
1588809634000, 9128498, 0, 1, 1, 1, 0
1588809634250, 9128086, 0, 1, 1, 1, 0
1588809634500, 9127475, 0, 1, 1, 1, 0
1588809634750, 9126574, 0, 1, 1, 1, 0
1588809635000, 9125460, 0, 1, 1, 1, 0
1588809635250, 9124664, 0, 1, 1, 1, 0
1588809635500, 9123595, 0, 1, 1, 1, 0
1588809635750, 9124428, 0, 1, 1, 1, 0
1588809636000, 9125366, 0, 1, 1, 1, 0
1588809636250, 9125209, 0, 1, 1, 1, 0
1588809636500, 9124223, 0, 1, 1, 1, 0
1588809636750, 9123192, 0, 1, 1, 1, 0
1588809637000, 9123713, 0, 1, 1, 1, 0
1588809637250, 9124203, 0, 1, 1, 1, 0
1588809637500, 9125278, 0, 1, 1, 1, 0
1588809637750, 9126275, 0, 1, 1, 1, 0
1588809638000, 9127165, 0, 1, 1, 1, 0
1588809638250, 9126020, 0, 1, 1, 1, 0
1588809638500, 9126943, 0, 1, 1, 1, 0
1588809638750, 9125823, 0, 1, 1, 1, 0
1588809639000, 9125630, 0, 1, 1, 1, 0
1588809639250, 9125204, 0, 1, 1, 1, 0
1588809639500, 9125337, 0, 1, 1, 1, 0
1588809639750, 9125301, 0, 1, 1, 1, 0
1588809640000, 9125269, 0, 1, 1, 1, 0
1588809640250, 9125947, 0, 1, 1, 1, 0
1588809640500, 9126769, 0, 1, 1, 1, 0
1588809640750, 9126859, 0, 1, 1, 1, 0
1588809641000, 9127932, 0, 1, 1, 1, 0
1588809641250, 9128405, 0, 1, 1, 1, 0
1588809641500, 9130261, 1, 1, 0, 1, 0
1588809641750, 9131354, 1, 1, 0, 1, 0
1588809642000, 9131446, 1, 1, 0, 1, 0
1588809642250, 9131511, 1, 1, 0, 1, 0
1588809642500, 9132488, 1, 1, 0, 1, 0
1588809642750, 9132687, 1, 1, 0, 1, 0
1588809643000, 9133178, 1, 1, 0, 1, 0
1588809643250, 9134307, 1, 1, 0, 1, 0
1588809643500, 9136124, 1, 1, 0, 1, 0
1588809643750, 9138338, 1, 1, 0, 1, 0
1588809644000, 9140095, 1, 1, 0, 1, 0
1588809644250, 9142148, 1, 1, 0, 1, 0
1588809644500, 9144117, 1, 1, 0, 1, 0
1588809644750, 9145216, 1, 1, 0, 1, 0
1588809645000, 9146144, 1, 1, 0, 1, 0
1588809645250, 9147573, 1, 1, 0, 1, 0
1588809645500, 9148055, 1, 1, 0, 1, 0
1588809645750, 9148694, 1, 1, 0, 1, 0
1588809646000, 9150200, 1, 1, 0, 1, 0
1588809646250, 9152391, 1, 1, 0, 1, 0
1588809646500, 9153132, 1, 1, 0, 1, 0
1588809646750, 9155232, 1, 1, 0, 1, 0
1588809647000, 9157784, 1, 1, 0, 1, 0
1588809647250, 9159445, 1, 1, 0, 1, 0
1588809647500, 9160331, 1, 1, 0, 1, 0
1588809647750, 9161672, 1, 1, 0, 1, 0
1588809648000, 9162833, 1, 1, 0, 1, 0
1588809648250, 9163362, 1, 1, 0, 1, 0
1588809648500, 9165580, 1, 1, 0, 1, 0
1588809648750, 9166199, 1, 1, 0, 1, 0
1588809649000, 9167988, 1, 1, 0, 1, 0
1588809649250, 9169666, 1, 1, 0, 1, 0
1588809649500, 9171376, 1, 1, 0, 1, 0
1588809649750, 9173249, 1, 1, 0, 1, 0
1588809650000, 9174540, 1, 1, 0, 1, 0
1588809650250, 9176768, 1, 1, 0, 1, 0
1588809650500, 9178374, 1, 1, 0, 1, 0
1588809650750, 9179683, 1, 1, 0, 1, 0
1588809651000, 9180160, 1, 1, 0, 1, 0
1588809651250, 9181132, 1, 1, 0, 1, 0
1588809651500, 9181761, 1, 1, 0, 1, 0
1588809651750, 9183931, 1, 1, 0, 1, 0
1588809652000, 9186447, 1, 1, 0, 1, 0
1588809652250, 9188965, 1, 1, 0, 1, 0
1588809652500, 9189311, 1, 1, 0, 1, 0
1588809652750, 9190261, 1, 1, 0, 1, 0
1588809653000, 9191707, 1, 1, 0, 1, 0
1588809653250, 9194392, 1, 1, 0, 1, 0
1588809653500, 9195866, 1, 1, 0, 1, 0
1588809653750, 9198260, 1, 1, 0, 1, 0
1588809654000, 9200605, 1, 1, 0, 1, 0
1588809654250, 9202248, 1, 1, 0, 1, 0
1588809654500, 9204197, 1, 1, 0, 1, 0
1588809654750, 9206105, 1, 1, 0, 1, 0
1588809655000, 9206849, 1, 1, 0, 1, 0
1588809655250, 9209517, 1, 1, 0, 1, 0
1588809655500, 9210191, 1, 1, 0, 1, 0
1588809655750, 9211478, 1, 1, 0, 1, 0
1588809656000, 9214050, 1, 1, 0, 1, 0
1588809656250, 9216746, 1, 1, 0, 1, 0
1588809656500, 9218448, 1, 1, 0, 1, 0
1588809656750, 9220197, 1, 1, 0, 1, 0
1588809657000, 9221515, 1, 1, 0, 1, 0
1588809657250, 9224266, 1, 1, 0, 1, 0
1588809657500, 9224816, 1, 1, 0, 1, 0
1588809657750, 9227183, 1, 1, 0, 1, 0
1588809658000, 9229512, 1, 1, 0, 1, 0
1588809658250, 9230976, 1, 1, 0, 1, 0
1588809658500, 9231987, 1, 1, 0, 1, 0
1588809658750, 9234521, 1, 1, 0, 1, 0
1588809659000, 9236241, 1, 1, 0, 1, 0
1588809659250, 9237594, 1, 1, 0, 1, 0
1588809659500, 9239166, 1, 1, 0, 1, 0
1588809659750, 9240698, 1, 1, 0, 1, 0
1588809660000, 9241422, 1, 1, 0, 1, 0
1588809660250, 9242585, 1, 1, 0, 1, 0
1588809660500, 9244306, 1, 1, 0, 1, 0
1588809660750, 9246141, 1, 1, 0, 1, 0
1588809661000, 9247246, 1, 1, 0, 1, 0
1588809661250, 9250090, 1, 1, 0, 1, 0
1588809661500, 9251125, 1, 1, 0, 1, 0
1588809661750, 9253773, 1, 1, 0, 1, 0
1588809662000, 9255485, 1, 1, 0, 1, 0
1588809662250, 9258087, 1, 1, 0, 1, 0
1588809662500, 9259852, 1, 1, 0, 1, 0
1588809662750, 9261474, 1, 1, 0, 1, 0
1588809663000, 9263501, 1, 1, 0, 1, 0
1588809663250, 9265090, 1, 1, 0, 1, 0
1588809663500, 9267577, 1, 1, 0, 1, 0
1588809663750, 9269345, 1, 1, 0, 1, 0
1588809664000, 9270792, 1, 1, 0, 1, 0
1588809664250, 9272136, 1, 1, 0, 1, 0
1588809664500, 9274762, 1, 1, 0, 1, 0
1588809664750, 9277065, 1, 1, 0, 1, 0
1588809665000, 9277852, 1, 1, 0, 1, 0
1588809665250, 9280551, 1, 1, 0, 1, 0
1588809665500, 9281898, 1, 1, 0, 1, 0
1588809665750, 9284519, 1, 1, 0, 1, 0
1588809666000, 9285778, 1, 1, 0, 1, 0
1588809666250, 9287626, 1, 1, 0, 1, 0
1588809666500, 9289425, 1, 1, 0, 1, 0
1588809666750, 9291440, 1, 1, 0, 1, 0
1588809667000, 9293668, 1, 1, 0, 1, 0
1588809667250, 9296058, 1, 1, 0, 1, 0
1588809667500, 9299052, 1, 1, 0, 1, 0
1588809667750, 9301442, 1, 1, 0, 1, 0
1588809668000, 9304425, 1, 1, 0, 1, 0
1588809668250, 9306160, 1, 1, 0, 1, 0
1588809668500, 9309363, 1, 1, 0, 1, 0
1588809668750, 9312419, 1, 1, 0, 1, 0
1588809669000, 9313558, 1, 1, 0, 1, 0
1588809669250, 9314783, 1, 1, 0, 1, 0
1588809669500, 9317029, 1, 1, 0, 1, 0
1588809669750, 9318815, 1, 1, 0, 1, 0
1588809670000, 9321567, 1, 1, 0, 1, 0
1588809670250, 9324495, 1, 1, 0, 1, 0
1588809670500, 9326813, 1, 1, 0, 1, 0
1588809670750, 9328527, 1, 1, 0, 1, 0
1588809671000, 9329972, 1, 1, 0, 1, 0
1588809671250, 9331695, 1, 1, 0, 1, 0
1588809671500, 9334051, 1, 1, 0, 1, 0
1588809671750, 9336245, 1, 1, 0, 1, 0
1588809672000, 9338168, 1, 1, 0, 1, 0
1588809672250, 9339597, 1, 1, 0, 1, 0
1588809672500, 9342933, 1, 1, 0, 1, 0
1588809672750, 9344909, 1, 1, 0, 1, 0
1588809673000, 9347859, 1, 1, 0, 1, 0
1588809673250, 9349390, 1, 1, 0, 1, 0
1588809673500, 9352792, 1, 1, 0, 1, 0
1588809673750, 9355795, 1, 1, 0, 1, 0
1588809674000, 9357960, 1, 1, 0, 1, 0
1588809674250, 9359537, 1, 1, 0, 1, 0
1588809674500, 9361358, 1, 1, 0, 1, 0
1588809674750, 9362545, 1, 1, 0, 1, 0
1588809675000, 9365697, 1, 1, 0, 1, 0
1588809675250, 9367289, 1, 1, 0, 1, 0
1588809675500, 9370035, 1, 1, 0, 1, 0
1588809675750, 9372492, 1, 1, 0, 1, 0
1588809676000, 9374533, 1, 1, 0, 1, 0
1588809676250, 9376786, 1, 1, 0, 1, 0
1588809676500, 9378595, 1, 1, 0, 1, 0
1588809676750, 9380463, 1, 1, 0, 1, 0
1588809677000, 9383054, 1, 1, 0, 1, 0
1588809677250, 9386213, 1, 1, 0, 1, 0
1588809677500, 9388527, 1, 1, 0, 1, 0
1588809677750, 9390120, 1, 1, 0, 1, 0
1588809678000, 9392885, 1, 1, 0, 1, 0
1588809678250, 9394184, 1, 1, 0, 1, 0
1588809678500, 9396114, 1, 1, 0, 1, 0
1588809678750, 9399374, 1, 1, 0, 1, 0
1588809679000, 9401436, 1, 1, 0, 1, 0
1588809679250, 9404753, 1, 1, 0, 1, 0
1588809679500, 9406391, 1, 1, 0, 1, 0
1588809679750, 9408953, 1, 1, 0, 1, 0
1588809680000, 9412266, 1, 1, 0, 1, 0
1588809680250, 9415798, 1, 1, 0, 1, 0
1588809680500, 9419320, 1, 1, 0, 1, 0
1588809680750, 9422157, 1, 1, 0, 1, 0
1588809681000, 9423784, 1, 1, 0, 1, 0
1588809681250, 9426826, 1, 1, 0, 1, 0
1588809681500, 9429211, 1, 1, 0, 1, 0
1588809681750, 9431940, 1, 1, 0, 1, 0
1588809682000, 9435486, 1, 1, 0, 1, 0
1588809682250, 9438611, 1, 1, 0, 1, 0
1588809682500, 9440998, 1, 1, 0, 1, 0
1588809682750, 9444193, 1, 1, 0, 1, 0
1588809683000, 9447363, 1, 1, 0, 1, 0
1588809683250, 9448974, 1, 1, 0, 1, 0
1588809683500, 9450659, 1, 1, 0, 1, 0
1588809683750, 9452329, 1, 1, 0, 1, 0
1588809684000, 9455043, 1, 1, 0, 1, 0
1588809684250, 9457378, 1, 1, 0, 1, 0
1588809684500, 9459311, 1, 1, 0, 1, 0
1588809684750, 9463001, 1, 1, 0, 1, 0
1588809685000, 9464906, 1, 1, 0, 1, 0
1588809685250, 9467954, 1, 1, 0, 1, 0
1588809685500, 9469628, 1, 1, 0, 1, 0
1588809685750, 9472643, 1, 1, 0, 1, 0
1588809686000, 9475326, 1, 1, 0, 1, 0
1588809686250, 9477691, 1, 1, 0, 1, 0
1588809686500, 9480317, 1, 1, 0, 1, 0
1588809686750, 9483368, 1, 1, 0, 1, 0
1588809687000, 9487346, 1, 1, 0, 1, 0
1588809687250, 9489896, 1, 1, 0, 1, 0
1588809687500, 9491819, 1, 1, 0, 1, 0
1588809687750, 9495412, 1, 1, 0, 1, 0
1588809688000, 9497785, 1, 1, 0, 1, 0
1588809688250, 9501477, 1, 1, 0, 1, 0
1588809688500, 9504178, 1, 1, 0, 1, 0
1588809688750, 9506404, 1, 1, 0, 1, 0
1588809689000, 9509390, 1, 1, 0, 1, 0
1588809689250, 9513119, 1, 1, 0, 1, 0
1588809689500, 9516705, 1, 1, 0, 1, 0
1588809689750, 9519458, 1, 1, 0, 1, 0
1588809690000, 9522522, 1, 1, 0, 1, 0
1588809690250, 9524697, 1, 1, 0, 1, 0
1588809690500, 9528801, 1, 1, 0, 1, 0
1588809690750, 9530779, 1, 1, 0, 1, 0
1588809691000, 9532700, 1, 1, 0, 1, 0
1588809691250, 9534650, 1, 1, 0, 1, 0
1588809691500, 9536849, 1, 1, 0, 1, 0
1588809691750, 9539589, 1, 1, 0, 1, 0
1588809692000, 9542403, 1, 1, 0, 1, 0
1588809692250, 9544618, 1, 1, 0, 1, 0
1588809692500, 9547156, 1, 1, 0, 1, 0
1588809692750, 9549937, 1, 1, 0, 1, 0
1588809693000, 9553252, 1, 1, 0, 1, 0
1588809693250, 9555506, 1, 1, 0, 1, 0
1588809693500, 9559769, 1, 1, 0, 1, 0
1588809693750, 9563787, 1, 1, 0, 1, 0
1588809694000, 9566416, 1, 1, 0, 1, 0
1588809694250, 9568904, 1, 1, 0, 1, 0
1588809694500, 9571997, 1, 1, 0, 1, 0
1588809694750, 9574619, 1, 1, 0, 1, 0
1588809695000, 9577625, 1, 1, 0, 1, 0
1588809695250, 9581035, 1, 1, 0, 1, 0
1588809695500, 9585197, 1, 1, 0, 1, 0
1588809695750, 9588948, 1, 1, 0, 1, 0
1588809696000, 9592011, 1, 1, 0, 1, 0
1588809696250, 9594824, 1, 1, 0, 1, 0
1588809696500, 9599142, 1, 1, 0, 1, 0
1588809696750, 9603521, 1, 1, 0, 1, 0
1588809697000, 9607945, 1, 1, 0, 1, 0
1588809697250, 9611320, 1, 1, 0, 1, 0
1588809697500, 9613912, 1, 1, 0, 1, 0
1588809697750, 9616850, 1, 1, 0, 1, 0
1588809698000, 9620240, 1, 1, 0, 1, 0
1588809698250, 9622800, 1, 1, 0, 1, 0
1588809698500, 9625970, 1, 1, 0, 1, 0
1588809698750, 9629088, 1, 1, 0, 1, 0
1588809699000, 9631830, 1, 1, 0, 1, 0
1588809699250, 9634984, 1, 1, 0, 1, 0
1588809699500, 9639052, 1, 1, 0, 1, 0
1588809699750, 9642371, 1, 1, 0, 1, 0
1588809700000, 9645927, 1, 1, 0, 1, 0
1588809700250, 9650274, 1, 1, 0, 1, 0
1588809700500, 9654541, 1, 1, 0, 1, 0
1588809700750, 9659131, 1, 1, 0, 1, 0
1588809701000, 9661475, 1, 1, 0, 1, 0
1588809701250, 9665301, 1, 1, 0, 1, 0
1588809701500, 9669631, 1, 1, 0, 1, 0
1588809701750, 9672281, 1, 1, 0, 1, 0
1588809702000, 9676695, 1, 1, 0, 1, 0
1588809702250, 9679806, 1, 1, 0, 1, 0
1588809702500, 9683155, 1, 1, 0, 1, 0
1588809702750, 9685805, 1, 1, 0, 1, 0
1588809703000, 9689946, 1, 1, 0, 1, 0
1588809703250, 9693100, 1, 1, 0, 1, 0
1588809703500, 9697534, 1, 1, 0, 1, 0
1588809703750, 9699923, 1, 1, 0, 1, 0
1588809704000, 9703464, 1, 1, 0, 1, 0
1588809704250, 9707378, 1, 1, 0, 1, 0
1588809704500, 9711697, 1, 1, 0, 1, 0
1588809704750, 9715237, 1, 1, 0, 1, 0
1588809705000, 9720056, 1, 1, 0, 1, 0
1588809705250, 9722520, 1, 1, 0, 1, 0
1588809705500, 9726504, 1, 1, 0, 1, 0
1588809705750, 9730242, 1, 1, 0, 1, 0
1588809706000, 9733185, 1, 1, 0, 1, 0
1588809706250, 9735846, 1, 1, 0, 1, 0
1588809706500, 9740162, 1, 1, 0, 1, 0
1588809706750, 9743732, 1, 1, 0, 1, 0
1588809707000, 9746984, 1, 1, 0, 1, 0
1588809707250, 9750393, 1, 1, 0, 1, 0
1588809707500, 9755131, 1, 1, 0, 1, 0
1588809707750, 9759342, 1, 1, 0, 1, 0
1588809708000, 9762525, 1, 1, 0, 1, 0
1588809708250, 9766508, 1, 1, 0, 1, 0
1588809708500, 9770712, 1, 1, 0, 1, 0
1588809708750, 9773595, 1, 1, 0, 1, 0
1588809709000, 9776784, 1, 1, 0, 1, 0
1588809709250, 9780251, 1, 1, 0, 1, 0
1588809709500, 9783540, 1, 1, 0, 1, 0
1588809709750, 9788452, 1, 1, 0, 1, 0
1588809710000, 9792763, 1, 1, 0, 1, 0
1588809710250, 9796686, 1, 1, 0, 1, 0
1588809710500, 9799557, 1, 1, 0, 1, 0
1588809710750, 9802869, 1, 1, 0, 1, 0
1588809711000, 9807196, 1, 1, 0, 1, 0
1588809711250, 9811738, 1, 1, 0, 1, 0
1588809711500, 9815101, 1, 1, 0, 1, 0
1588809711750, 9818218, 1, 1, 0, 1, 0
1588809712000, 9821476, 1, 1, 0, 1, 0
1588809712250, 9826348, 1, 1, 0, 1, 0
1588809712500, 9830183, 1, 1, 0, 1, 0
1588809712750, 9833461, 1, 1, 0, 1, 0
1588809713000, 9838387, 1, 1, 0, 1, 0
1588809713250, 9841383, 1, 1, 0, 1, 0
1588809713500, 9845529, 1, 1, 0, 1, 0
1588809713750, 9850516, 1, 1, 0, 1, 0
1588809714000, 9855681, 1, 1, 0, 1, 0
1588809714250, 9859274, 1, 1, 0, 1, 0
1588809714500, 9862511, 1, 1, 0, 1, 0
1588809714750, 9866033, 1, 1, 0, 1, 0
1588809715000, 9870528, 1, 1, 0, 1, 0
1588809715250, 9875550, 1, 1, 0, 1, 0
1588809715500, 9880753, 1, 1, 0, 1, 0
1588809715750, 9885452, 1, 1, 0, 1, 0
1588809716000, 9889501, 1, 1, 0, 1, 0
1588809716250, 9893504, 1, 1, 0, 1, 0
1588809716500, 9898071, 1, 1, 0, 1, 0
1588809716750, 9902281, 1, 1, 0, 1, 0
1588809717000, 9907146, 1, 1, 0, 1, 0
1588809717250, 9912385, 1, 1, 0, 1, 0
1588809717500, 9916041, 1, 1, 0, 1, 0
1588809717750, 9920174, 1, 1, 0, 1, 0
1588809718000, 9923846, 1, 1, 0, 1, 0
1588809718250, 9927270, 1, 1, 0, 1, 0
1588809718500, 9931600, 1, 1, 0, 1, 0
1588809718750, 9936907, 1, 1, 0, 1, 0
1588809719000, 9942170, 1, 1, 0, 1, 0
1588809719250, 9946711, 1, 1, 0, 1, 0
1588809719500, 9950006, 1, 1, 0, 1, 0
1588809719750, 9955350, 1, 1, 0, 1, 0
1588809720000, 9959608, 1, 1, 0, 1, 0
1588809720250, 9963971, 1, 1, 0, 1, 0
1588809720500, 9967413, 1, 1, 0, 1, 0
1588809720750, 9970968, 1, 1, 0, 1, 0
1588809721000, 9975087, 1, 1, 0, 1, 0
1588809721250, 9979422, 1, 1, 0, 1, 0
1588809721500, 9982734, 1, 1, 0, 1, 0
1588809721750, 9986776, 1, 1, 0, 1, 0
1588809722000, 9991412, 1, 1, 0, 1, 0
1588809722250, 9997058, 1, 1, 0, 1, 0
1588809722500, 10001305, 1, 1, 0, 1, 1
1588809722750, 10004706, 1, 1, 0, 1, 1
1588809723000, 10010067, 1, 1, 0, 1, 1
1588809723250, 10014196, 1, 1, 0, 1, 1
1588809723500, 10019364, 1, 1, 0, 1, 1
1588809723750, 10023428, 1, 1, 0, 1, 1
1588809724000, 10028166, 1, 1, 0, 1, 1
1588809724250, 10032529, 1, 1, 0, 1, 1
1588809724500, 10037383, 1, 1, 0, 1, 1
1588809724750, 10041589, 1, 1, 0, 1, 1
1588809725000, 10045344, 1, 1, 0, 1, 1
1588809725250, 10050832, 1, 1, 0, 1, 1
1588809725500, 10055699, 1, 1, 0, 1, 1
1588809725750, 10060077, 1, 1, 0, 1, 1
1588809726000, 10065927, 1, 1, 0, 1, 1
1588809726250, 10069649, 1, 1, 0, 1, 1
1588809726500, 10073846, 1, 1, 0, 1, 1
1588809726750, 10079022, 1, 1, 0, 1, 1
1588809727000, 10083734, 1, 1, 0, 1, 1
1588809727250, 10087662, 1, 1, 0, 1, 1
1588809727500, 10092640, 1, 1, 0, 1, 1
1588809727750, 10098457, 1, 1, 0, 1, 1
1588809728000, 10103146, 1, 1, 0, 1, 1
1588809728250, 10107950, 1, 1, 0, 1, 1
1588809728500, 10113694, 1, 1, 0, 1, 1
1588809728750, 10119297, 1, 1, 0, 1, 1
1588809729000, 10125217, 1, 1, 0, 1, 1
1588809729250, 10130604, 1, 1, 0, 1, 1
1588809729500, 10136566, 1, 1, 0, 1, 1
1588809729750, 10141461, 1, 1, 0, 1, 1
1588809730000, 10146820, 1, 1, 0, 1, 1
1588809730250, 10151341, 1, 1, 0, 1, 1
1588809730500, 10156337, 1, 1, 0, 1, 1
1588809730750, 10161343, 1, 1, 0, 1, 1
1588809731000, 10166230, 1, 1, 0, 1, 1
1588809731250, 10170653, 1, 1, 0, 1, 1
1588809731500, 10175933, 1, 1, 0, 1, 1
1588809731750, 10179790, 1, 1, 0, 1, 1
1588809732000, 10184759, 1, 1, 0, 1, 1
1588809732250, 10189098, 1, 1, 0, 1, 1
1588809732500, 10193316, 1, 1, 0, 1, 1
1588809732750, 10198182, 1, 1, 0, 1, 1
1588809733000, 10204138, 1, 1, 0, 1, 1
1588809733250, 10209775, 1, 1, 0, 1, 1
1588809733500, 10215557, 1, 1, 0, 1, 1
1588809733750, 10221051, 1, 1, 0, 1, 1
1588809734000, 10226484, 1, 1, 0, 1, 1
1588809734250, 10232525, 1, 1, 0, 1, 1
1588809734500, 10237276, 1, 1, 0, 1, 1
1588809734750, 10241489, 1, 1, 0, 1, 1
1588809735000, 10247913, 1, 1, 0, 1, 1
1588809735250, 10254084, 1, 1, 0, 1, 1
1588809735500, 10260107, 1, 1, 0, 1, 1
1588809735750, 10265233, 1, 1, 0, 1, 1
1588809736000, 10270207, 1, 1, 0, 1, 1
1588809736250, 10275958, 1, 1, 0, 1, 1
1588809736500, 10280222, 1, 1, 0, 1, 1
1588809736750, 10284637, 1, 1, 0, 1, 1
1588809737000, 10289282, 1, 1, 0, 1, 1
1588809737250, 10295838, 1, 1, 0, 1, 1
1588809737500, 10301464, 1, 1, 0, 1, 1
1588809737750, 10307770, 1, 1, 0, 1, 1
1588809738000, 10312298, 1, 1, 0, 1, 1
1588809738250, 10316793, 1, 1, 0, 1, 1
1588809738500, 10321964, 1, 1, 0, 1, 1
1588809738750, 10327189, 1, 1, 0, 1, 1
1588809739000, 10331904, 1, 1, 0, 1, 1
1588809739250, 10338138, 1, 1, 0, 1, 1
1588809739500, 10342987, 1, 1, 0, 1, 1
1588809739750, 10348425, 1, 1, 0, 1, 1
1588809740000, 10354738, 1, 1, 0, 1, 1
1588809740250, 10359968, 1, 1, 0, 1, 1
1588809740500, 10366420, 1, 1, 0, 1, 1
1588809740750, 10372421, 1, 1, 0, 1, 1
1588809741000, 10377006, 1, 1, 0, 1, 1
1588809741250, 10382509, 1, 1, 0, 1, 1
1588809741500, 10387693, 1, 1, 0, 1, 1
1588809741750, 10393787, 1, 1, 0, 1, 1
1588809742000, 10398991, 1, 1, 0, 1, 1
1588809742250, 10404538, 1, 1, 0, 1, 1
1588809742500, 10410442, 1, 1, 0, 1, 1
1588809742750, 10415687, 1, 1, 0, 1, 1
1588809743000, 10420572, 1, 1, 0, 1, 1
1588809743250, 10426087, 1, 1, 0, 1, 1
1588809743500, 10431997, 1, 1, 0, 1, 1
1588809743750, 10437380, 1, 1, 0, 1, 1
1588809744000, 10444156, 1, 1, 0, 1, 1
1588809744250, 10450262, 1, 1, 0, 1, 1
1588809744500, 10455978, 1, 1, 0, 1, 1
1588809744750, 10460901, 1, 1, 0, 1, 1
1588809745000, 10466613, 1, 1, 0, 1, 1
1588809745250, 10471427, 1, 1, 0, 1, 1
1588809745500, 10476115, 1, 1, 0, 1, 1
1588809745750, 10482199, 1, 1, 0, 1, 1
1588809746000, 10486902, 1, 1, 0, 1, 1
1588809746250, 10492140, 1, 1, 0, 1, 1
1588809746500, 10498813, 1, 1, 0, 1, 1
1588809746750, 10503582, 1, 1, 0, 1, 1
1588809747000, 10510389, 1, 1, 0, 1, 1
1588809747250, 10515267, 1, 1, 0, 1, 1
1588809747500, 10521215, 1, 1, 0, 1, 1
1588809747750, 10527660, 1, 1, 0, 1, 1
1588809748000, 10533044, 1, 1, 0, 1, 1
1588809748250, 10538739, 1, 1, 0, 1, 1
1588809748500, 10544030, 1, 1, 0, 1, 1
1588809748750, 10549665, 1, 1, 0, 1, 1
1588809749000, 10556515, 1, 1, 0, 1, 1
1588809749250, 10562192, 1, 1, 0, 1, 1
1588809749500, 10569107, 1, 1, 0, 1, 1
1588809749750, 10574367, 1, 1, 0, 1, 1
1588809750000, 10581182, 1, 1, 0, 1, 1
1588809750250, 10586741, 1, 1, 0, 1, 1
1588809750500, 10592373, 1, 1, 0, 1, 1
1588809750750, 10599620, 1, 1, 0, 1, 1
1588809751000, 10606227, 1, 1, 0, 1, 1
1588809751250, 10612850, 1, 1, 0, 1, 1
1588809751500, 10618582, 1, 1, 0, 1, 1
1588809751750, 10624616, 1, 1, 0, 1, 1
1588809752000, 10629980, 1, 1, 0, 1, 1
1588809752250, 10636884, 1, 1, 0, 1, 1
1588809752500, 10643283, 1, 1, 0, 1, 1
1588809752750, 10649786, 1, 1, 0, 1, 1
1588809753000, 10656480, 1, 1, 0, 1, 1
1588809753250, 10662527, 1, 1, 0, 1, 1
1588809753500, 10670060, 1, 1, 0, 1, 1
1588809753750, 10676824, 1, 1, 0, 1, 1
1588809754000, 10683023, 1, 1, 0, 1, 1
1588809754250, 10689727, 1, 1, 0, 1, 1
1588809754500, 10696579, 1, 1, 0, 1, 1
1588809754750, 10702488, 1, 1, 0, 1, 1
1588809755000, 10709359, 1, 1, 0, 1, 1
1588809755250, 10716996, 1, 1, 0, 1, 1
1588809755500, 10724608, 1, 1, 0, 1, 1
1588809755750, 10732105, 1, 1, 0, 1, 1
1588809756000, 10738263, 1, 1, 0, 1, 1
1588809756250, 10745942, 1, 1, 0, 1, 1
1588809756500, 10751433, 1, 1, 0, 1, 1
1588809756750, 10759187, 1, 1, 0, 1, 1
1588809757000, 10765307, 1, 1, 0, 1, 1
1588809757250, 10772427, 1, 1, 0, 1, 1
1588809757500, 10780138, 1, 1, 0, 1, 1
1588809757750, 10785790, 1, 1, 0, 1, 1
1588809758000, 10793573, 1, 1, 0, 1, 1
1588809758250, 10799166, 1, 1, 0, 1, 1
1588809758500, 10806701, 1, 1, 0, 1, 1
1588809758750, 10813310, 1, 1, 0, 1, 1
1588809759000, 10820567, 1, 1, 0, 1, 1
1588809759250, 10826458, 1, 1, 0, 1, 1
1588809759500, 10834109, 1, 1, 0, 1, 1
1588809759750, 10841723, 1, 1, 0, 1, 1
1588809760000, 10849060, 1, 1, 0, 1, 1
1588809760250, 10855670, 1, 1, 0, 1, 1
1588809760500, 10861896, 1, 1, 0, 1, 1
1588809760750, 10868019, 1, 1, 0, 1, 1
1588809761000, 10875590, 1, 1, 0, 1, 1
1588809761250, 10881409, 1, 1, 0, 1, 1
1588809761500, 10888742, 1, 1, 0, 1, 1
1588809761750, 10894542, 1, 1, 0, 1, 1
1588809762000, 10901916, 1, 1, 0, 1, 1
1588809762250, 10908534, 1, 1, 0, 1, 1
1588809762500, 10915060, 1, 1, 0, 1, 1
1588809762750, 10921270, 1, 1, 0, 1, 1
1588809763000, 10927474, 1, 1, 0, 1, 1
1588809763250, 10933546, 1, 1, 0, 1, 1
1588809763500, 10939607, 1, 1, 0, 1, 1
1588809763750, 10946708, 1, 1, 0, 1, 1
1588809764000, 10952781, 1, 1, 0, 1, 1
1588809764250, 10961005, 1, 1, 0, 1, 1
1588809764500, 10968148, 1, 1, 0, 1, 1
1588809764750, 10975014, 1, 1, 0, 1, 1
1588809765000, 10982615, 1, 1, 0, 1, 1
1588809765250, 10989274, 1, 1, 0, 1, 1
1588809765500, 10995982, 1, 1, 0, 1, 1
1588809765750, 11003138, 1, 1, 0, 1, 1
1588809766000, 11009984, 1, 1, 0, 1, 1
1588809766250, 11016403, 1, 1, 0, 1, 1
1588809766500, 11024728, 1, 1, 0, 1, 1
1588809766750, 11032939, 1, 1, 0, 1, 1
1588809767000, 11039340, 1, 1, 0, 1, 1
1588809767250, 11047426, 1, 1, 0, 1, 1
1588809767500, 11055345, 1, 1, 0, 1, 1
1588809767750, 11063125, 1, 1, 0, 1, 1
1588809768000, 11069447, 1, 1, 0, 1, 1
1588809768250, 11077601, 1, 1, 0, 1, 1
1588809768500, 11085934, 1, 1, 0, 1, 1
1588809768750, 11093803, 1, 1, 0, 1, 1
1588809769000, 11102173, 1, 1, 0, 1, 1
1588809769250, 11109818, 1, 1, 0, 1, 1
1588809769500, 11117850, 1, 1, 0, 1, 1
1588809769750, 11125104, 1, 1, 0, 1, 1
1588809770000, 11133261, 1, 1, 0, 1, 1
1588809770250, 11139732, 1, 1, 0, 1, 1
1588809770500, 11147493, 1, 1, 0, 1, 1
1588809770750, 11156134, 1, 1, 0, 1, 1
1588809771000, 11162505, 1, 1, 0, 1, 1
1588809771250, 11170138, 1, 1, 0, 1, 1
1588809771500, 11177273, 1, 1, 0, 1, 1
1588809771750, 11183931, 1, 1, 0, 1, 1
1588809772000, 11191584, 1, 1, 0, 1, 1
1588809772250, 11199606, 1, 1, 0, 1, 1
1588809772500, 11206857, 1, 1, 0, 1, 1
1588809772750, 11213420, 1, 1, 0, 1, 1
1588809773000, 11222232, 1, 1, 0, 1, 1
1588809773250, 11230303, 1, 1, 0, 1, 1
1588809773500, 11238118, 1, 1, 0, 1, 1
1588809773750, 11245017, 1, 1, 0, 1, 1
1588809774000, 11253133, 1, 1, 0, 1, 1
1588809774250, 11260917, 1, 1, 0, 1, 1
1588809774500, 11267654, 1, 1, 0, 1, 1
1588809774750, 11276182, 1, 1, 0, 1, 1
1588809775000, 11283208, 1, 1, 0, 1, 1
1588809775250, 11291405, 1, 1, 0, 1, 1
1588809775500, 11298837, 1, 1, 0, 1, 1
1588809775750, 11306128, 1, 1, 0, 1, 1
1588809776000, 11314004, 1, 1, 0, 1, 1
1588809776250, 11320841, 1, 1, 0, 1, 1
1588809776500, 11329895, 1, 1, 0, 1, 1
1588809776750, 11337180, 1, 1, 0, 1, 1
1588809777000, 11345519, 1, 1, 0, 1, 1
1588809777250, 11354044, 1, 1, 0, 1, 1
1588809777500, 11361970, 1, 1, 0, 1, 1
1588809777750, 11369436, 1, 1, 0, 1, 1
1588809778000, 11377786, 1, 1, 0, 1, 1
1588809778250, 11384845, 1, 1, 0, 1, 1
1588809778500, 11391871, 1, 1, 0, 1, 1
1588809778750, 11400330, 1, 1, 0, 1, 1
1588809779000, 11408742, 1, 1, 0, 1, 1
1588809779250, 11416170, 1, 1, 0, 1, 1
1588809779500, 11424536, 1, 1, 0, 1, 1
1588809779750, 11433833, 1, 1, 0, 1, 1
1588809780000, 11442935, 1, 1, 0, 1, 1
1588809780250, 11452185, 1, 1, 0, 1, 1
1588809780500, 11459260, 1, 1, 0, 1, 1
1588809780750, 11467935, 1, 1, 0, 1, 1
1588809781000, 11476436, 1, 1, 0, 1, 1
1588809781250, 11484889, 1, 1, 0, 1, 1
1588809781500, 11494009, 1, 1, 0, 1, 1
1588809781750, 11501318, 1, 1, 0, 1, 1
1588809782000, 11510630, 1, 1, 0, 1, 1
1588809782250, 11519981, 1, 1, 0, 1, 1
1588809782500, 11529294, 1, 1, 0, 1, 1
1588809782750, 11536690, 1, 1, 0, 1, 1
1588809783000, 11545278, 1, 1, 0, 1, 1
1588809783250, 11552609, 1, 1, 0, 1, 1
1588809783500, 11560702, 1, 1, 0, 1, 1
1588809783750, 11570118, 1, 1, 0, 1, 1
1588809784000, 11577656, 1, 1, 0, 1, 1
1588809784250, 11585319, 1, 1, 0, 1, 1
1588809784500, 11594919, 1, 1, 0, 1, 1
1588809784750, 11603677, 1, 1, 0, 1, 1
1588809785000, 11612729, 1, 1, 0, 1, 1
1588809785250, 11621135, 1, 1, 0, 1, 1
1588809785500, 11630624, 1, 1, 0, 1, 1
1588809785750, 11638870, 1, 1, 0, 1, 1
1588809786000, 11647127, 1, 1, 0, 1, 1
1588809786250, 11656415, 1, 1, 0, 1, 1
1588809786500, 11665877, 1, 1, 0, 1, 1
1588809786750, 11675721, 1, 1, 0, 1, 1
1588809787000, 11683192, 1, 1, 0, 1, 1
1588809787250, 11691757, 1, 1, 0, 1, 1
1588809787500, 11701616, 1, 1, 0, 1, 1
1588809787750, 11711291, 1, 1, 0, 1, 1
1588809788000, 11719790, 1, 1, 0, 1, 1
1588809788250, 11729355, 1, 1, 0, 1, 1
1588809788500, 11737916, 1, 1, 0, 1, 1
1588809788750, 11747510, 1, 1, 0, 1, 1
1588809789000, 11756140, 1, 1, 0, 1, 1
1588809789250, 11764415, 1, 1, 0, 1, 1
1588809789500, 11774294, 1, 1, 0, 1, 1
1588809789750, 11782357, 1, 1, 0, 1, 1
1588809790000, 11790085, 1, 1, 0, 1, 1
1588809790250, 11799362, 1, 1, 0, 1, 1
1588809790500, 11807725, 1, 1, 0, 1, 1
1588809790750, 11816490, 1, 1, 0, 1, 1
1588809791000, 11825965, 1, 1, 0, 1, 1
1588809791250, 11834834, 1, 1, 0, 1, 1
1588809791500, 11843445, 1, 1, 0, 1, 1
1588809791750, 11853270, 1, 1, 0, 1, 1
1588809792000, 11862596, 1, 1, 0, 1, 1
1588809792250, 11870745, 1, 1, 0, 1, 1
1588809792500, 11879248, 1, 1, 0, 1, 1
1588809792750, 11887963, 1, 1, 0, 1, 1
1588809793000, 11896802, 1, 1, 0, 1, 1
1588809793250, 11905094, 1, 1, 0, 1, 1
1588809793500, 11914302, 1, 1, 0, 1, 1
1588809793750, 11924063, 1, 1, 0, 1, 1
1588809794000, 11933853, 1, 1, 0, 1, 1
1588809794250, 11942750, 1, 1, 0, 1, 1
1588809794500, 11952563, 1, 1, 0, 1, 1
1588809794750, 11962416, 1, 1, 0, 1, 1
1588809795000, 11972450, 1, 1, 0, 1, 1
1588809795250, 11981838, 1, 1, 0, 1, 1
1588809795500, 11991064, 1, 1, 0, 1, 1
1588809795750, 11999712, 1, 1, 0, 1, 1
1588809796000, 12008326, 1, 1, 0, 1, 1
1588809796250, 12018593, 1, 1, 0, 1, 1
1588809796500, 12028859, 1, 1, 0, 1, 1
1588809796750, 12038546, 1, 1, 0, 1, 1
1588809797000, 12049074, 1, 1, 0, 1, 1
1588809797250, 12059222, 1, 1, 0, 1, 1
1588809797500, 12068921, 1, 1, 0, 1, 1
1588809797750, 12079544, 1, 1, 0, 1, 1
1588809798000, 12088916, 1, 1, 0, 1, 1
1588809798250, 12099306, 1, 1, 0, 1, 1
1588809798500, 12108603, 1, 1, 0, 1, 1
1588809798750, 12119304, 1, 1, 0, 1, 1
1588809799000, 12127998, 1, 1, 0, 1, 1
1588809799250, 12137723, 1, 1, 0, 1, 1
1588809799500, 12147646, 1, 1, 0, 1, 1
1588809799750, 12157445, 1, 1, 0, 1, 1
1588809800000, 12167078, 1, 1, 0, 1, 1
1588809800250, 12177682, 1, 1, 0, 1, 1
1588809800500, 12187918, 1, 1, 0, 1, 1
1588809800750, 12198530, 1, 1, 0, 1, 1
1588809801000, 12209110, 1, 1, 0, 1, 1
1588809801250, 12218255, 1, 1, 0, 1, 1
1588809801500, 12228310, 1, 1, 0, 1, 1
1588809801750, 12238344, 1, 1, 0, 1, 1
1588809802000, 12247993, 1, 1, 0, 1, 1
1588809802250, 12257048, 1, 1, 0, 1, 1
1588809802500, 12266539, 1, 1, 0, 1, 1
1588809802750, 12275808, 1, 1, 0, 1, 1
1588809803000, 12285783, 1, 1, 0, 1, 1
1588809803250, 12296012, 1, 1, 0, 1, 1
1588809803500, 12305422, 1, 1, 0, 1, 1
1588809803750, 12315922, 1, 1, 0, 1, 1
1588809804000, 12325907, 1, 1, 0, 1, 1
1588809804250, 12335054, 1, 1, 0, 1, 1
1588809804500, 12344255, 1, 1, 0, 1, 1
1588809804750, 12354200, 1, 1, 0, 1, 1
1588809805000, 12364872, 1, 1, 0, 1, 1
1588809805250, 12375565, 1, 1, 0, 1, 1
1588809805500, 12385506, 1, 1, 0, 1, 1
1588809805750, 12394468, 1, 1, 0, 1, 1
1588809806000, 12404449, 1, 1, 0, 1, 1
1588809806250, 12414966, 1, 1, 0, 1, 1
1588809806500, 12426325, 1, 1, 0, 1, 1
1588809806750, 12436677, 1, 1, 0, 1, 1
1588809807000, 12445740, 1, 1, 0, 1, 1
1588809807250, 12455824, 1, 1, 0, 1, 1
1588809807500, 12467157, 1, 1, 0, 1, 1
1588809807750, 12477451, 1, 1, 0, 1, 1
1588809808000, 12487317, 1, 1, 0, 1, 1
1588809808250, 12498044, 1, 1, 0, 1, 1
1588809808500, 12508089, 1, 1, 0, 1, 1
1588809808750, 12517654, 1, 1, 0, 1, 1
1588809809000, 12528590, 1, 1, 0, 1, 1
1588809809250, 12540171, 1, 1, 0, 1, 1
1588809809500, 12551230, 1, 1, 0, 1, 1
1588809809750, 12560856, 1, 1, 0, 1, 1
1588809810000, 12570512, 1, 1, 0, 1, 1
1588809810250, 12582027, 1, 1, 0, 1, 1
1588809810500, 12591868, 1, 1, 0, 1, 1
1588809810750, 12602861, 1, 1, 0, 1, 1
1588809811000, 12613547, 1, 1, 0, 1, 1
1588809811250, 12623684, 1, 1, 0, 1, 1
1588809811500, 12634078, 1, 1, 0, 1, 1
1588809811750, 12645595, 1, 1, 0, 1, 1
1588809812000, 12655705, 1, 1, 0, 1, 1
1588809812250, 12666542, 1, 1, 0, 1, 1
1588809812500, 12676824, 1, 1, 0, 1, 1
1588809812750, 12686407, 1, 1, 0, 1, 1
1588809813000, 12696718, 1, 1, 0, 1, 1
1588809813250, 12707667, 1, 1, 0, 1, 1
1588809813500, 12717354, 1, 1, 0, 1, 1
1588809813750, 12728768, 1, 1, 0, 1, 1
1588809814000, 12738937, 1, 1, 0, 1, 1
1588809814250, 12750631, 1, 1, 0, 1, 1
1588809814500, 12760621, 1, 1, 0, 1, 1
1588809814750, 12770894, 1, 1, 0, 1, 1
1588809815000, 12781292, 1, 1, 0, 1, 1
1588809815250, 12791216, 1, 1, 0, 1, 1
1588809815500, 12802765, 1, 1, 0, 1, 1
1588809815750, 12813554, 1, 1, 0, 1, 1
1588809816000, 12825147, 1, 1, 0, 1, 1
1588809816250, 12837227, 1, 1, 0, 1, 1
1588809816500, 12848481, 1, 1, 0, 1, 1
1588809816750, 12859053, 1, 1, 0, 1, 1
1588809817000, 12871172, 1, 1, 0, 1, 1
1588809817250, 12881488, 1, 1, 0, 1, 1
1588809817500, 12892505, 1, 1, 0, 1, 1
1588809817750, 12904643, 1, 1, 0, 1, 1
1588809818000, 12916816, 1, 1, 0, 1, 1
1588809818250, 12927996, 1, 1, 0, 1, 1
1588809818500, 12939463, 1, 1, 0, 1, 1
1588809818750, 12950637, 1, 1, 0, 1, 1
1588809819000, 12962650, 1, 1, 0, 1, 1
1588809819250, 12974751, 1, 1, 0, 1, 1
1588809819500, 12985261, 1, 1, 0, 1, 1
1588809819750, 12995618, 1, 1, 0, 1, 1
1588809820000, 13006768, 1, 1, 0, 1, 1
1588809820250, 13018153, 1, 1, 0, 1, 1
1588809820500, 13030631, 1, 1, 0, 1, 1
1588809820750, 13042208, 1, 1, 0, 1, 1
1588809821000, 13052674, 1, 1, 0, 1, 1
1588809821250, 13064915, 1, 1, 0, 1, 1
1588809821500, 13075559, 1, 1, 0, 1, 1
1588809821750, 13086228, 1, 1, 0, 1, 1
1588809822000, 13098210, 1, 1, 0, 1, 1
1588809822250, 13108836, 1, 1, 0, 1, 1
1588809822500, 13119749, 1, 1, 0, 1, 1
1588809822750, 13132079, 1, 1, 0, 1, 1
1588809823000, 13142996, 1, 1, 0, 1, 1
1588809823250, 13155366, 1, 1, 0, 1, 1
1588809823500, 13166408, 1, 1, 0, 1, 1
1588809823750, 13178784, 1, 1, 0, 1, 1
1588809824000, 13191115, 1, 1, 0, 1, 1
1588809824250, 13203236, 1, 1, 0, 1, 1
1588809824500, 13214023, 1, 1, 0, 1, 1
1588809824750, 13225856, 1, 1, 0, 1, 1
1588809825000, 13238054, 1, 1, 0, 1, 1
1588809825250, 13249600, 1, 1, 0, 1, 1
1588809825500, 13261326, 1, 1, 0, 1, 1
1588809825750, 13273432, 1, 1, 0, 1, 1
1588809826000, 13285836, 1, 1, 0, 1, 1
1588809826250, 13296721, 1, 1, 0, 1, 1
1588809826500, 13309638, 1, 1, 0, 1, 1
1588809826750, 13321706, 1, 1, 0, 1, 1
1588809827000, 13334285, 1, 1, 0, 1, 1
1588809827250, 13345319, 1, 1, 0, 1, 1
1588809827500, 13357295, 1, 1, 0, 1, 1
1588809827750, 13368154, 1, 1, 0, 1, 1
1588809828000, 13380520, 1, 1, 0, 1, 1
1588809828250, 13392497, 1, 1, 0, 1, 1
1588809828500, 13404836, 1, 1, 0, 1, 1
1588809828750, 13417114, 1, 1, 0, 1, 1
1588809829000, 13428355, 1, 1, 0, 1, 1
1588809829250, 13440741, 1, 1, 0, 1, 1
1588809829500, 13453069, 1, 1, 0, 1, 1
1588809829750, 13465652, 1, 1, 0, 1, 1
1588809830000, 13478439, 1, 1, 0, 1, 1
1588809830250, 13490997, 1, 1, 0, 1, 1
1588809830500, 13503241, 1, 1, 0, 1, 1
1588809830750, 13516219, 1, 1, 0, 1, 1
1588809831000, 13527999, 1, 1, 0, 1, 1
1588809831250, 13540516, 1, 1, 0, 1, 1
1588809831500, 13552679, 1, 1, 0, 1, 1
1588809831750, 13564015, 1, 1, 0, 1, 1
1588809832000, 13575856, 1, 1, 0, 1, 1
1588809832250, 13588389, 1, 1, 0, 1, 1
1588809832500, 13601117, 1, 1, 0, 1, 1
1588809832750, 13614694, 1, 1, 0, 1, 1
1588809833000, 13627854, 1, 1, 0, 1, 1
1588809833250, 13641367, 1, 1, 0, 1, 1
1588809833500, 13654123, 1, 1, 0, 1, 1
1588809833750, 13666738, 1, 1, 0, 1, 1
1588809834000, 13680130, 1, 1, 0, 1, 1
1588809834250, 13692376, 1, 1, 0, 1, 1
1588809834500, 13706009, 1, 1, 0, 1, 1
1588809834750, 13718944, 1, 1, 0, 1, 1
1588809835000, 13731567, 1, 1, 0, 1, 1
1588809835250, 13743660, 1, 1, 0, 1, 1
1588809835500, 13756754, 1, 1, 0, 1, 1
1588809835750, 13770584, 1, 1, 0, 1, 1
1588809836000, 13783474, 1, 1, 0, 1, 1
1588809836250, 13795303, 1, 1, 0, 1, 1
1588809836500, 13807786, 1, 1, 0, 1, 1
1588809836750, 13821108, 1, 1, 0, 1, 1
1588809837000, 13834491, 1, 1, 0, 1, 1
1588809837250, 13848012, 1, 1, 0, 1, 1
1588809837500, 13860639, 1, 1, 0, 1, 1
1588809837750, 13873074, 1, 1, 0, 1, 1
1588809838000, 13885832, 1, 1, 0, 1, 1
1588809838250, 13899326, 1, 1, 0, 1, 1
1588809838500, 13913340, 1, 1, 0, 1, 1
1588809838750, 13926893, 1, 1, 0, 1, 1
1588809839000, 13939496, 1, 1, 0, 1, 1
1588809839250, 13952243, 1, 1, 0, 1, 1
1588809839500, 13965643, 1, 1, 0, 1, 1
1588809839750, 13978576, 1, 1, 0, 1, 1
1588809840000, 13992759, 1, 1, 0, 1, 1
1588809840250, 14004932, 1, 1, 0, 1, 1
1588809840500, 14017902, 1, 1, 0, 1, 1
1588809840750, 14031245, 1, 1, 0, 1, 1
1588809841000, 14043345, 1, 1, 0, 1, 1
1588809841250, 14057428, 1, 1, 0, 1, 1
1588809841500, 14071720, 1, 1, 0, 1, 1
1588809841750, 14085960, 1, 1, 0, 1, 1
1588809842000, 14098177, 1, 1, 0, 1, 1
1588809842250, 14111968, 1, 1, 0, 1, 1
1588809842500, 14125423, 1, 1, 0, 1, 1
1588809842750, 14138922, 1, 1, 0, 1, 1
1588809843000, 14153442, 1, 1, 0, 1, 1
1588809843250, 14165767, 1, 1, 0, 1, 1
1588809843500, 14178850, 1, 1, 0, 1, 1
1588809843750, 14191992, 1, 1, 0, 1, 1
1588809844000, 14204692, 1, 1, 0, 1, 1
1588809844250, 14218783, 1, 1, 0, 1, 1
1588809844500, 14231347, 1, 1, 0, 1, 1
1588809844750, 14245473, 1, 1, 0, 1, 1
1588809845000, 14258703, 1, 1, 0, 1, 1
1588809845250, 14271891, 1, 1, 0, 1, 1
1588809845500, 14286427, 1, 1, 0, 1, 1
1588809845750, 14300368, 1, 1, 0, 1, 1
1588809846000, 14313015, 1, 1, 0, 1, 1
1588809846250, 14327507, 1, 1, 0, 1, 1
1588809846500, 14340920, 1, 1, 0, 1, 1
1588809846750, 14354469, 1, 1, 0, 1, 1
1588809847000, 14367582, 1, 1, 0, 1, 1
1588809847250, 14382211, 1, 1, 0, 1, 1
1588809847500, 14396486, 1, 1, 0, 1, 1
1588809847750, 14409587, 1, 1, 0, 1, 1
1588809848000, 14424573, 1, 1, 0, 1, 1
1588809848250, 14437577, 1, 1, 0, 1, 1
1588809848500, 14451724, 1, 1, 0, 1, 1
1588809848750, 14466488, 1, 1, 0, 1, 1
1588809849000, 14481232, 1, 1, 0, 1, 1
1588809849250, 14494903, 1, 1, 0, 1, 1
1588809849500, 14509552, 1, 1, 0, 1, 1
1588809849750, 14524536, 1, 1, 0, 1, 1
1588809850000, 14537597, 1, 1, 0, 1, 1
1588809850250, 14550841, 1, 1, 0, 1, 1
1588809850500, 14564441, 1, 1, 0, 1, 1
1588809850750, 14579517, 1, 1, 0, 1, 1
1588809851000, 14592994, 1, 1, 0, 1, 1
1588809851250, 14607127, 1, 1, 0, 1, 1
1588809851500, 14620807, 1, 1, 0, 1, 1
1588809851750, 14634388, 1, 1, 0, 1, 1
1588809852000, 14648026, 1, 1, 0, 1, 1
1588809852250, 14662062, 1, 1, 0, 1, 1
1588809852500, 14675137, 1, 1, 0, 1, 1
1588809852750, 14689316, 1, 1, 0, 1, 1
1588809853000, 14704265, 1, 1, 0, 1, 1
1588809853250, 14719576, 1, 1, 0, 1, 1
1588809853500, 14732972, 1, 1, 0, 1, 1
1588809853750, 14747786, 1, 1, 0, 1, 1
1588809854000, 14762819, 1, 1, 0, 1, 1
1588809854250, 14776799, 1, 1, 0, 1, 1
1588809854500, 14792309, 1, 1, 0, 1, 1
1588809854750, 14805614, 1, 1, 0, 1, 1
1588809855000, 14819359, 1, 1, 0, 1, 1
1588809855250, 14834257, 1, 1, 0, 1, 1
1588809855500, 14847717, 1, 1, 0, 1, 1
1588809855750, 14861077, 1, 1, 0, 1, 1
1588809856000, 14876422, 1, 1, 0, 1, 1
1588809856250, 14891012, 1, 1, 0, 1, 1
1588809856500, 14906532, 1, 1, 0, 1, 1
1588809856750, 14921157, 1, 1, 0, 1, 1
1588809857000, 14936768, 1, 1, 0, 1, 1
1588809857250, 14951426, 1, 1, 0, 1, 1
1588809857500, 14965500, 1, 1, 0, 1, 1
1588809857750, 14981014, 1, 1, 0, 1, 1
1588809858000, 14996171, 1, 1, 0, 1, 1
1588809858250, 15010640, 1, 1, 0, 1, 1
1588809858500, 15026037, 1, 1, 0, 1, 1
1588809858750, 15041419, 1, 1, 0, 1, 1
1588809859000, 15057181, 1, 1, 0, 1, 1
1588809859250, 15070995, 1, 1, 0, 1, 1
1588809859500, 15086634, 1, 1, 0, 1, 1
1588809859750, 15102687, 1, 1, 0, 1, 1
1588809860000, 15117166, 1, 1, 0, 1, 1
1588809860250, 15132485, 1, 1, 0, 1, 1
1588809860500, 15147335, 1, 1, 0, 1, 1
1588809860750, 15163320, 1, 1, 0, 1, 1
1588809861000, 15178084, 1, 1, 0, 1, 1
1588809861250, 15193275, 1, 1, 0, 1, 1
1588809861500, 15208596, 1, 1, 0, 1, 1
1588809861750, 15224855, 1, 1, 0, 1, 1
1588809862000, 15240901, 1, 1, 0, 1, 1
1588809862250, 15256181, 1, 1, 0, 1, 1
1588809862500, 15272570, 1, 1, 0, 1, 1
1588809862750, 15288727, 1, 1, 0, 1, 1
1588809863000, 15303282, 1, 1, 0, 1, 1
1588809863250, 15319449, 1, 1, 0, 1, 1
1588809863500, 15335697, 1, 1, 0, 1, 1
1588809863750, 15351868, 1, 1, 0, 1, 1
1588809864000, 15366472, 1, 1, 0, 1, 1
1588809864250, 15382498, 1, 1, 0, 1, 1
1588809864500, 15397090, 1, 1, 0, 1, 1
1588809864750, 15411513, 1, 1, 0, 1, 1
1588809865000, 15426382, 1, 1, 0, 1, 1
1588809865250, 15441610, 1, 1, 0, 1, 1
1588809865500, 15457649, 1, 1, 0, 1, 1
1588809865750, 15473752, 1, 1, 0, 1, 1
1588809866000, 15489503, 1, 1, 0, 1, 1
1588809866250, 15505003, 1, 1, 0, 1, 1
1588809866500, 15520092, 1, 1, 0, 1, 1
1588809866750, 15535620, 1, 1, 0, 1, 1
1588809867000, 15550889, 1, 1, 0, 1, 1
1588809867250, 15565583, 1, 1, 0, 1, 1
1588809867500, 15581107, 1, 1, 0, 1, 1
1588809867750, 15597174, 1, 1, 0, 1, 1
1588809868000, 15613482, 1, 1, 0, 1, 1
1588809868250, 15629689, 1, 1, 0, 1, 1
1588809868500, 15645149, 1, 1, 0, 1, 1
1588809868750, 15660040, 1, 1, 0, 1, 1
1588809869000, 15675233, 1, 1, 0, 1, 1
1588809869250, 15691750, 1, 1, 0, 1, 1
1588809869500, 15706646, 1, 1, 0, 1, 1
1588809869750, 15723572, 1, 1, 0, 1, 1
1588809870000, 15739066, 1, 1, 0, 1, 1
1588809870250, 15755988, 1, 1, 0, 1, 1
1588809870500, 15772720, 1, 1, 0, 1, 1
1588809870750, 15788357, 1, 1, 0, 1, 1
1588809871000, 15804609, 1, 1, 0, 1, 1
1588809871250, 15821163, 1, 1, 0, 1, 1
1588809871500, 15836084, 1, 1, 0, 1, 1
1588809871750, 15852430, 1, 1, 0, 1, 1
1588809872000, 15868509, 1, 1, 0, 1, 1
1588809872250, 15883899, 1, 1, 0, 1, 1
1588809872500, 15900083, 1, 1, 0, 1, 1
1588809872750, 15916421, 1, 1, 0, 1, 1
1588809873000, 15932405, 1, 1, 0, 1, 1
1588809873250, 15948003, 1, 1, 0, 1, 1
1588809873500, 15963796, 1, 1, 0, 1, 1
1588809873750, 15981257, 1, 1, 0, 1, 1
1588809874000, 15998058, 1, 1, 0, 1, 1
1588809874250, 16014181, 1, 1, 0, 1, 1
1588809874500, 16030422, 1, 1, 0, 1, 1
1588809874750, 16047683, 1, 1, 0, 1, 1
1588809875000, 16064101, 1, 1, 0, 1, 1
1588809875250, 16081007, 1, 1, 0, 1, 1
1588809875500, 16097050, 1, 1, 0, 1, 1
1588809875750, 16112466, 1, 1, 0, 1, 1
1588809876000, 16128680, 1, 1, 0, 1, 1
1588809876250, 16145661, 1, 1, 0, 1, 1
1588809876500, 16163386, 1, 1, 0, 1, 1
1588809876750, 16179785, 1, 1, 0, 1, 1
1588809877000, 16196283, 1, 1, 0, 1, 1
1588809877250, 16213844, 1, 1, 0, 1, 1
1588809877500, 16230120, 1, 1, 0, 1, 1
1588809877750, 16247003, 1, 1, 0, 1, 1
1588809878000, 16263951, 1, 1, 0, 1, 1
1588809878250, 16281799, 1, 1, 0, 1, 1
1588809878500, 16299571, 1, 1, 0, 1, 1
1588809878750, 16315597, 1, 1, 0, 1, 1
1588809879000, 16332798, 1, 1, 0, 1, 1
1588809879250, 16350666, 1, 1, 0, 1, 1
1588809879500, 16368187, 1, 1, 0, 1, 1
1588809879750, 16386155, 1, 1, 0, 1, 1
1588809880000, 16404076, 1, 1, 0, 1, 1
1588809880250, 16420454, 1, 1, 0, 1, 1
1588809880500, 16437408, 1, 1, 0, 1, 1
1588809880750, 16453935, 1, 1, 0, 1, 1
1588809881000, 16470472, 1, 1, 0, 1, 1
1588809881250, 16487754, 1, 1, 0, 1, 1
1588809881500, 16504287, 1, 1, 0, 1, 1
1588809881750, 16522110, 1, 1, 0, 1, 1
1588809882000, 16540410, 1, 1, 0, 1, 1
1588809882250, 16557618, 1, 1, 0, 1, 1
1588809882500, 16575145, 1, 1, 0, 1, 1
1588809882750, 16591844, 1, 1, 0, 1, 1
1588809883000, 16610315, 1, 1, 0, 1, 1
1588809883250, 16628652, 1, 1, 0, 1, 1
1588809883500, 16645510, 1, 1, 0, 1, 1
1588809883750, 16662510, 1, 1, 0, 1, 1
1588809884000, 16680117, 1, 1, 0, 1, 1
1588809884250, 16696528, 1, 1, 0, 1, 1
1588809884500, 16714566, 1, 1, 0, 1, 1
1588809884750, 16732849, 1, 1, 0, 1, 1
1588809885000, 16751409, 1, 1, 0, 1, 1
1588809885250, 16769848, 1, 1, 0, 1, 1
1588809885500, 16787149, 1, 1, 0, 1, 1
1588809885750, 16804765, 1, 1, 0, 1, 1
1588809886000, 16823135, 1, 1, 0, 1, 1
1588809886250, 16839828, 1, 1, 0, 1, 1
1588809886500, 16857466, 1, 1, 0, 1, 1
1588809886750, 16874606, 1, 1, 0, 1, 1
1588809887000, 16891147, 1, 1, 0, 1, 1
1588809887250, 16907824, 1, 1, 0, 1, 1
1588809887500, 16924858, 1, 1, 0, 1, 1
1588809887750, 16943186, 1, 1, 0, 1, 1
1588809888000, 16960081, 1, 1, 0, 1, 1
1588809888250, 16977883, 1, 1, 0, 1, 1
1588809888500, 16994561, 1, 1, 0, 1, 1
1588809888750, 17012191, 1, 1, 0, 1, 1
1588809889000, 17031012, 1, 1, 0, 1, 1
1588809889250, 17047935, 1, 1, 0, 1, 1
1588809889500, 17065107, 1, 1, 0, 1, 1
1588809889750, 17083920, 1, 1, 0, 1, 1
1588809890000, 17101682, 1, 1, 0, 1, 1
1588809890250, 17120423, 1, 1, 0, 1, 1
1588809890500, 17139516, 1, 1, 0, 1, 1
1588809890750, 17157338, 1, 1, 0, 1, 1
1588809891000, 17175542, 1, 1, 0, 1, 1
1588809891250, 17193029, 1, 1, 0, 1, 1
1588809891500, 17211761, 1, 1, 0, 1, 1
1588809891750, 17229056, 1, 1, 0, 1, 1
1588809892000, 17246375, 1, 1, 0, 1, 1
1588809892250, 17264139, 1, 1, 0, 1, 1
1588809892500, 17283086, 1, 1, 0, 1, 1
1588809892750, 17300342, 1, 1, 0, 1, 1
1588809893000, 17317896, 1, 1, 0, 1, 1
1588809893250, 17335468, 1, 1, 0, 1, 1
1588809893500, 17354040, 1, 1, 0, 1, 1
1588809893750, 17373200, 1, 1, 0, 1, 1
1588809894000, 17390676, 1, 1, 0, 1, 1
1588809894250, 17410070, 1, 1, 0, 1, 1
1588809894500, 17427562, 1, 1, 0, 1, 1
1588809894750, 17445146, 1, 1, 0, 1, 1
1588809895000, 17464756, 1, 1, 0, 1, 1
1588809895250, 17482796, 1, 1, 0, 1, 1
1588809895500, 17501759, 1, 1, 0, 1, 1
1588809895750, 17519323, 1, 1, 0, 1, 1
1588809896000, 17538163, 1, 1, 0, 1, 1
1588809896250, 17557212, 1, 1, 0, 1, 1
1588809896500, 17575787, 1, 1, 0, 1, 1
1588809896750, 17594402, 1, 1, 0, 1, 1
1588809897000, 17613700, 1, 1, 0, 1, 1
1588809897250, 17632311, 1, 1, 0, 1, 1
1588809897500, 17650175, 1, 1, 0, 1, 1
1588809897750, 17668080, 1, 1, 0, 1, 1
1588809898000, 17686251, 1, 1, 0, 1, 1
1588809898250, 17703999, 1, 1, 0, 1, 1
1588809898500, 17722456, 1, 1, 0, 1, 1
1588809898750, 17741969, 1, 1, 0, 1, 1
1588809899000, 17759880, 1, 1, 0, 1, 1
1588809899250, 17777754, 1, 1, 0, 1, 1
1588809899500, 17797184, 1, 1, 0, 1, 1
1588809899750, 17815446, 1, 1, 0, 1, 1
1588809900000, 17833651, 1, 1, 0, 1, 1
1588809900250, 17852604, 1, 1, 0, 1, 1
1588809900500, 17871072, 1, 1, 0, 1, 1
1588809900750, 17889319, 1, 1, 0, 1, 1
1588809901000, 17908305, 1, 1, 0, 1, 1
1588809901250, 17927778, 1, 1, 0, 1, 1
1588809901500, 17948028, 1, 1, 0, 1, 1
1588809901750, 17967306, 1, 1, 0, 1, 1
1588809902000, 17986560, 1, 1, 0, 1, 1
1588809902250, 18006627, 1, 1, 0, 1, 2
1588809902500, 18025786, 1, 1, 0, 1, 2
1588809902750, 18044520, 1, 1, 0, 1, 2
1588809903000, 18064871, 1, 1, 0, 1, 2
1588809903250, 18083244, 1, 1, 0, 1, 2
1588809903500, 18102168, 1, 1, 0, 1, 2
1588809903750, 18121556, 1, 1, 0, 1, 2
1588809904000, 18141112, 1, 1, 0, 1, 2
1588809904250, 18160718, 1, 1, 0, 1, 2
1588809904500, 18181236, 1, 1, 0, 1, 2
1588809904750, 18199741, 1, 1, 0, 1, 2
1588809905000, 18220419, 1, 1, 0, 1, 2
1588809905250, 18240799, 1, 1, 0, 1, 2
1588809905500, 18261581, 1, 1, 0, 1, 2
1588809905750, 18282372, 1, 1, 0, 1, 2
1588809906000, 18302851, 1, 1, 0, 1, 2
1588809906250, 18322012, 1, 1, 0, 1, 2
1588809906500, 18341775, 1, 1, 0, 1, 2
1588809906750, 18361999, 1, 1, 0, 1, 2
1588809907000, 18380839, 1, 1, 0, 1, 2
1588809907250, 18399846, 1, 1, 0, 1, 2
1588809907500, 18420517, 1, 1, 0, 1, 2
1588809907750, 18439721, 1, 1, 0, 1, 2
1588809908000, 18459376, 1, 1, 0, 1, 2
1588809908250, 18480182, 1, 1, 0, 1, 2
1588809908500, 18499273, 1, 1, 0, 1, 2
1588809908750, 18519526, 1, 1, 0, 1, 2
1588809909000, 18538989, 1, 1, 0, 1, 2
1588809909250, 18559887, 1, 1, 0, 1, 2
1588809909500, 18580946, 1, 1, 0, 1, 2
1588809909750, 18601164, 1, 1, 0, 1, 2
1588809910000, 18621637, 1, 1, 0, 1, 2
1588809910250, 18641335, 1, 1, 0, 1, 2
1588809910500, 18662141, 1, 1, 0, 1, 2
1588809910750, 18682389, 1, 1, 0, 1, 2
1588809911000, 18701823, 1, 1, 0, 1, 2
1588809911250, 18722886, 1, 1, 0, 1, 2
1588809911500, 18743829, 1, 1, 0, 1, 2
1588809911750, 18764533, 1, 1, 0, 1, 2
1588809912000, 18784487, 1, 1, 0, 1, 2
1588809912250, 18804769, 1, 1, 0, 1, 2
1588809912500, 18825172, 1, 1, 0, 1, 2
1588809912750, 18844569, 1, 1, 0, 1, 2
1588809913000, 18864404, 1, 1, 0, 1, 2
1588809913250, 18884734, 1, 1, 0, 1, 2
1588809913500, 18906440, 1, 1, 0, 1, 2
1588809913750, 18927809, 1, 1, 0, 1, 2
1588809914000, 18948763, 1, 1, 0, 1, 2
1588809914250, 18969267, 1, 1, 0, 1, 2
1588809914500, 18989864, 1, 1, 0, 1, 2
1588809914750, 19011036, 1, 1, 0, 1, 2
1588809915000, 19031460, 1, 1, 0, 1, 2
1588809915250, 19051213, 1, 1, 0, 1, 2
1588809915500, 19072447, 1, 1, 0, 1, 2
1588809915750, 19093355, 1, 1, 0, 1, 2
1588809916000, 19114715, 1, 1, 0, 1, 2
1588809916250, 19136249, 1, 1, 0, 1, 2
1588809916500, 19156190, 1, 1, 0, 1, 2
1588809916750, 19177729, 1, 1, 0, 1, 2
1588809917000, 19198883, 1, 1, 0, 1, 2
1588809917250, 19220978, 1, 1, 0, 1, 2
1588809917500, 19241401, 1, 1, 0, 1, 2
1588809917750, 19263631, 1, 1, 0, 1, 2
1588809918000, 19285999, 1, 1, 0, 1, 2
1588809918250, 19307774, 1, 1, 0, 1, 2
1588809918500, 19328368, 1, 1, 0, 1, 2
1588809918750, 19350658, 1, 1, 0, 1, 2
1588809919000, 19371991, 1, 1, 0, 1, 2
1588809919250, 19394396, 1, 1, 0, 1, 2
1588809919500, 19415392, 1, 1, 0, 1, 2
1588809919750, 19437055, 1, 1, 0, 1, 2
1588809920000, 19458123, 1, 1, 0, 1, 2
1588809920250, 19480275, 1, 1, 0, 1, 2
1588809920500, 19502060, 1, 1, 0, 1, 2
1588809920750, 19523659, 1, 1, 0, 1, 2
1588809921000, 19544408, 1, 1, 0, 1, 2
1588809921250, 19566138, 1, 1, 0, 1, 2
1588809921500, 19587315, 1, 1, 0, 1, 2
1588809921750, 19609165, 1, 1, 0, 1, 2
1588809922000, 19631515, 1, 1, 0, 1, 2
1588809922250, 19653813, 1, 1, 0, 1, 2
1588809922500, 19674493, 1, 1, 0, 1, 2
1588809922750, 19695332, 1, 1, 0, 1, 2
1588809923000, 19717385, 1, 1, 0, 1, 2
1588809923250, 19739707, 1, 1, 0, 1, 2
1588809923500, 19761834, 1, 1, 0, 1, 2
1588809923750, 19783197, 1, 1, 0, 1, 2
1588809924000, 19804538, 1, 1, 0, 1, 2
1588809924250, 19826899, 1, 1, 0, 1, 2
1588809924500, 19847664, 1, 1, 0, 1, 2
1588809924750, 19869958, 1, 1, 0, 1, 2
1588809925000, 19891783, 1, 1, 0, 1, 2
1588809925250, 19912713, 1, 1, 0, 1, 2
1588809925500, 19934984, 1, 1, 0, 1, 2
1588809925750, 19956459, 1, 1, 0, 1, 2
1588809926000, 19979254, 1, 1, 0, 1, 2
1588809926250, 20001745, 1, 1, 0, 1, 2
1588809926500, 20023142, 1, 1, 0, 1, 2
1588809926750, 20044437, 1, 1, 0, 1, 2
1588809927000, 20066905, 1, 1, 0, 1, 2
1588809927250, 20089242, 1, 1, 0, 1, 2
1588809927500, 20112115, 1, 1, 0, 1, 2
1588809927750, 20135538, 1, 1, 0, 1, 2
1588809928000, 20157485, 1, 1, 0, 1, 2
1588809928250, 20179571, 1, 1, 0, 1, 2
1588809928500, 20201992, 1, 1, 0, 1, 2
1588809928750, 20224022, 1, 1, 0, 1, 2
1588809929000, 20247142, 1, 1, 0, 1, 2
1588809929250, 20270015, 1, 1, 0, 1, 2
1588809929500, 20293576, 1, 1, 0, 1, 2
1588809929750, 20316297, 1, 1, 0, 1, 2
1588809930000, 20338691, 1, 1, 0, 1, 2
1588809930250, 20360124, 1, 1, 0, 1, 2
1588809930500, 20383248, 1, 1, 0, 1, 2
1588809930750, 20406793, 1, 1, 0, 1, 2
1588809931000, 20429617, 1, 1, 0, 1, 2
1588809931250, 20451942, 1, 1, 0, 1, 2
1588809931500, 20475860, 1, 1, 0, 1, 2
1588809931750, 20499006, 1, 1, 0, 1, 2
1588809932000, 20522644, 1, 1, 0, 1, 2
1588809932250, 20546686, 1, 1, 0, 1, 2
1588809932500, 20569053, 1, 1, 0, 1, 2
1588809932750, 20590977, 1, 1, 0, 1, 2
1588809933000, 20614782, 1, 1, 0, 1, 2
1588809933250, 20638223, 1, 1, 0, 1, 2
1588809933500, 20660832, 1, 1, 0, 1, 2
1588809933750, 20684211, 1, 1, 0, 1, 2
1588809934000, 20706892, 1, 1, 0, 1, 2
1588809934250, 20730019, 1, 1, 0, 1, 2
1588809934500, 20753347, 1, 1, 0, 1, 2
1588809934750, 20777558, 1, 1, 0, 1, 2
1588809935000, 20801617, 1, 1, 0, 1, 2
1588809935250, 20824419, 1, 1, 0, 1, 2
1588809935500, 20848188, 1, 1, 0, 1, 2
1588809935750, 20870734, 1, 1, 0, 1, 2
1588809936000, 20894098, 1, 1, 0, 1, 2
1588809936250, 20916768, 1, 1, 0, 1, 2
1588809936500, 20939761, 1, 1, 0, 1, 2
1588809936750, 20962666, 1, 1, 0, 1, 2
1588809937000, 20987002, 1, 1, 0, 1, 2
1588809937250, 21009917, 1, 1, 0, 1, 2
1588809937500, 21034274, 1, 1, 0, 1, 2
1588809937750, 21056869, 1, 1, 0, 1, 2
1588809938000, 21079454, 1, 1, 0, 1, 2
1588809938250, 21102740, 1, 1, 0, 1, 2
1588809938500, 21127056, 1, 1, 0, 1, 2
1588809938750, 21150611, 1, 1, 0, 1, 2
1588809939000, 21174339, 1, 1, 0, 1, 2
1588809939250, 21198696, 1, 1, 0, 1, 2
1588809939500, 21221488, 1, 1, 0, 1, 2
1588809939750, 21244914, 1, 1, 0, 1, 2
1588809940000, 21269343, 1, 1, 0, 1, 2
1588809940250, 21292468, 1, 1, 0, 1, 2
1588809940500, 21315754, 1, 1, 0, 1, 2
1588809940750, 21339492, 1, 1, 0, 1, 2
1588809941000, 21364369, 1, 1, 0, 1, 2
1588809941250, 21388109, 1, 1, 0, 1, 2
1588809941500, 21413040, 1, 1, 0, 1, 2
1588809941750, 21435982, 1, 1, 0, 1, 2
1588809942000, 21461038, 1, 1, 0, 1, 2
1588809942250, 21485055, 1, 1, 0, 1, 2
1588809942500, 21509901, 1, 1, 0, 1, 2
1588809942750, 21534278, 1, 1, 0, 1, 2
1588809943000, 21559165, 1, 1, 0, 1, 2
1588809943250, 21583416, 1, 1, 0, 1, 2
1588809943500, 21607910, 1, 1, 0, 1, 2
1588809943750, 21631300, 1, 1, 0, 1, 2
1588809944000, 21655732, 1, 1, 0, 1, 2
1588809944250, 21681135, 1, 1, 0, 1, 2
1588809944500, 21705315, 1, 1, 0, 1, 2
1588809944750, 21729101, 1, 1, 0, 1, 2
1588809945000, 21752406, 1, 1, 0, 1, 2
1588809945250, 21776335, 1, 1, 0, 1, 2
1588809945500, 21800479, 1, 1, 0, 1, 2
1588809945750, 21826066, 1, 1, 0, 1, 2
1588809946000, 21850983, 1, 1, 0, 1, 2
1588809946250, 21874713, 1, 1, 0, 1, 2
1588809946500, 21899094, 1, 1, 0, 1, 2
1588809946750, 21922949, 1, 1, 0, 1, 2
1588809947000, 21948178, 1, 1, 0, 1, 2
1588809947250, 21972899, 1, 1, 0, 1, 2
1588809947500, 21997261, 1, 1, 0, 1, 2
1588809947750, 22022004, 1, 1, 0, 1, 2
1588809948000, 22046870, 1, 1, 0, 1, 2
1588809948250, 22071507, 1, 1, 0, 1, 2
1588809948500, 22096946, 1, 1, 0, 1, 2
1588809948750, 22121215, 1, 1, 0, 1, 2
1588809949000, 22146924, 1, 1, 0, 1, 2
1588809949250, 22172194, 1, 1, 0, 1, 2
1588809949500, 22196675, 1, 1, 0, 1, 2
1588809949750, 22221843, 1, 1, 0, 1, 2
1588809950000, 22245937, 1, 1, 0, 1, 2
1588809950250, 22272005, 1, 1, 0, 1, 2
1588809950500, 22296295, 1, 1, 0, 1, 2
1588809950750, 22321955, 1, 1, 0, 1, 2
1588809951000, 22346957, 1, 1, 0, 1, 2
1588809951250, 22372794, 1, 1, 0, 1, 2
1588809951500, 22398868, 1, 1, 0, 1, 2
1588809951750, 22425294, 1, 1, 0, 1, 2
1588809952000, 22450657, 1, 1, 0, 1, 2
1588809952250, 22475002, 1, 1, 0, 1, 2
1588809952500, 22499274, 1, 1, 0, 1, 2
1588809952750, 22524373, 1, 1, 0, 1, 2
1588809953000, 22549048, 1, 1, 0, 1, 2
1588809953250, 22574268, 1, 1, 0, 1, 2
1588809953500, 22599326, 1, 1, 0, 1, 2
1588809953750, 22625224, 1, 1, 0, 1, 2
1588809954000, 22650449, 1, 1, 0, 1, 2
1588809954250, 22676567, 1, 1, 0, 1, 2
1588809954500, 22702531, 1, 1, 0, 1, 2
1588809954750, 22727200, 1, 1, 0, 1, 2
1588809955000, 22751788, 1, 1, 0, 1, 2
1588809955250, 22778668, 1, 1, 0, 1, 2
1588809955500, 22804167, 1, 1, 0, 1, 2
1588809955750, 22830111, 1, 1, 0, 1, 2
1588809956000, 22855250, 1, 1, 0, 1, 2
1588809956250, 22880214, 1, 1, 0, 1, 2
1588809956500, 22906823, 1, 1, 0, 1, 2
1588809956750, 22931635, 1, 1, 0, 1, 2
1588809957000, 22957767, 1, 1, 0, 1, 2
1588809957250, 22984723, 1, 1, 0, 1, 2
1588809957500, 23010536, 1, 1, 0, 1, 2
1588809957750, 23037000, 1, 1, 0, 1, 2
1588809958000, 23063830, 1, 1, 0, 1, 2
1588809958250, 23090108, 1, 1, 0, 1, 2
1588809958500, 23115539, 1, 1, 0, 1, 2
1588809958750, 23140647, 1, 1, 0, 1, 2
1588809959000, 23166006, 1, 1, 0, 1, 2
1588809959250, 23191159, 1, 1, 0, 1, 2
1588809959500, 23218273, 1, 1, 0, 1, 2
1588809959750, 23244544, 1, 1, 0, 1, 2
1588809960000, 23271961, 1, 1, 0, 1, 2
1588809960250, 23299269, 1, 1, 0, 1, 2
1588809960500, 23326529, 1, 1, 0, 1, 2
1588809960750, 23352077, 1, 1, 0, 1, 2
1588809961000, 23377594, 1, 1, 0, 1, 2
1588809961250, 23403304, 1, 1, 0, 1, 2
1588809961500, 23430512, 1, 1, 0, 1, 2
1588809961750, 23456548, 1, 1, 0, 1, 2
1588809962000, 23483638, 1, 1, 0, 1, 2
1588809962250, 23510076, 1, 1, 0, 1, 2
1588809962500, 23536415, 1, 1, 0, 1, 2
1588809962750, 23563259, 1, 1, 0, 1, 2
1588809963000, 23589310, 1, 1, 0, 1, 2
1588809963250, 23616250, 1, 1, 0, 1, 2
1588809963500, 23644109, 1, 1, 0, 1, 2
1588809963750, 23670773, 1, 1, 0, 1, 2
1588809964000, 23697684, 1, 1, 0, 1, 2
1588809964250, 23725162, 1, 1, 0, 1, 2
1588809964500, 23751579, 1, 1, 0, 1, 2
1588809964750, 23777566, 1, 1, 0, 1, 2
1588809965000, 23804477, 1, 1, 0, 1, 2
1588809965250, 23831990, 1, 1, 0, 1, 2
1588809965500, 23859255, 1, 1, 0, 1, 2
1588809965750, 23885376, 1, 1, 0, 1, 2
1588809966000, 23911515, 1, 1, 0, 1, 2
1588809966250, 23939365, 1, 1, 0, 1, 2
1588809966500, 23965714, 1, 1, 0, 1, 2
1588809966750, 23991864, 1, 1, 0, 1, 2
1588809967000, 24019486, 1, 1, 0, 1, 2
1588809967250, 24047537, 1, 1, 0, 1, 2
1588809967500, 24074949, 1, 1, 0, 1, 2
1588809967750, 24102545, 1, 1, 0, 1, 2
1588809968000, 24130429, 1, 1, 0, 1, 2
1588809968250, 24157593, 1, 1, 0, 1, 2
1588809968500, 24185598, 1, 1, 0, 1, 2
1588809968750, 24213827, 1, 1, 0, 1, 2
1588809969000, 24241061, 1, 1, 0, 1, 2
1588809969250, 24268202, 1, 1, 0, 1, 2
1588809969500, 24296763, 1, 1, 0, 1, 2
1588809969750, 24323386, 1, 1, 0, 1, 2
1588809970000, 24351630, 1, 1, 0, 1, 2
1588809970250, 24378326, 1, 1, 0, 1, 2
1588809970500, 24406394, 1, 1, 0, 1, 2
1588809970750, 24434821, 1, 1, 0, 1, 2
1588809971000, 24462993, 1, 1, 0, 1, 2
1588809971250, 24491022, 1, 1, 0, 1, 2
1588809971500, 24518182, 1, 1, 0, 1, 2
1588809971750, 24547267, 1, 1, 0, 1, 2
1588809972000, 24574342, 1, 1, 0, 1, 2
1588809972250, 24601855, 1, 1, 0, 1, 2
1588809972500, 24630831, 1, 1, 0, 1, 2
1588809972750, 24658687, 1, 1, 0, 1, 2
1588809973000, 24685586, 1, 1, 0, 1, 2
1588809973250, 24713666, 1, 1, 0, 1, 2
1588809973500, 24741851, 1, 1, 0, 1, 2
1588809973750, 24771029, 1, 1, 0, 1, 2
1588809974000, 24798700, 1, 1, 0, 1, 2
1588809974250, 24826908, 1, 1, 0, 1, 2
1588809974500, 24856312, 1, 1, 0, 1, 2
1588809974750, 24885213, 1, 1, 0, 1, 2
1588809975000, 24913080, 1, 1, 0, 1, 2
1588809975250, 24941473, 1, 1, 0, 1, 2
1588809975500, 24969077, 1, 1, 0, 1, 2
1588809975750, 24996338, 1, 1, 0, 1, 2
1588809976000, 25025337, 1, 1, 0, 1, 2
1588809976250, 25054792, 1, 1, 0, 1, 2
1588809976500, 25083659, 1, 1, 0, 1, 2
1588809976750, 25111272, 1, 1, 0, 1, 2
1588809977000, 25138776, 1, 1, 0, 1, 2
1588809977250, 25167515, 1, 1, 0, 1, 2
1588809977500, 25195430, 1, 1, 0, 1, 2
1588809977750, 25224825, 1, 1, 0, 1, 2
1588809978000, 25253874, 1, 1, 0, 1, 2
1588809978250, 25283001, 1, 1, 0, 1, 2
1588809978500, 25311969, 1, 1, 0, 1, 2
1588809978750, 25339867, 1, 1, 0, 1, 2
1588809979000, 25368103, 1, 1, 0, 1, 2
1588809979250, 25397242, 1, 1, 0, 1, 2
1588809979500, 25425238, 1, 1, 0, 1, 2
1588809979750, 25453493, 1, 1, 0, 1, 2
1588809980000, 25483056, 1, 1, 0, 1, 2
1588809980250, 25510940, 1, 1, 0, 1, 2
1588809980500, 25540331, 1, 1, 0, 1, 2
1588809980750, 25569604, 1, 1, 0, 1, 2
1588809981000, 25598345, 1, 1, 0, 1, 2
1588809981250, 25626699, 1, 1, 0, 1, 2
1588809981500, 25655895, 1, 1, 0, 1, 2
1588809981750, 25684985, 1, 1, 0, 1, 2
1588809982000, 25714626, 1, 1, 0, 1, 2
1588809982250, 25743871, 1, 1, 0, 1, 2
1588809982500, 25772472, 1, 1, 0, 1, 2
1588809982750, 25802522, 1, 1, 0, 1, 2
1588809983000, 25832669, 1, 1, 0, 1, 2
1588809983250, 25861785, 1, 1, 0, 1, 2
1588809983500, 25891974, 1, 1, 0, 1, 2
1588809983750, 25921564, 1, 1, 0, 1, 2
1588809984000, 25950108, 1, 1, 0, 1, 2
1588809984250, 25979105, 1, 1, 0, 1, 2
1588809984500, 26008614, 1, 1, 0, 1, 2
1588809984750, 26039336, 1, 1, 0, 1, 2
1588809985000, 26069311, 1, 1, 0, 1, 2
1588809985250, 26099376, 1, 1, 0, 1, 2
1588809985500, 26129700, 1, 1, 0, 1, 2
1588809985750, 26158897, 1, 1, 0, 1, 2
1588809986000, 26188228, 1, 1, 0, 1, 2
1588809986250, 26217188, 1, 1, 0, 1, 2
1588809986500, 26246319, 1, 1, 0, 1, 2
1588809986750, 26275888, 1, 1, 0, 1, 2
1588809987000, 26305955, 1, 1, 0, 1, 2
1588809987250, 26335016, 1, 1, 0, 1, 2
1588809987500, 26364739, 1, 1, 0, 1, 2
1588809987750, 26394271, 1, 1, 0, 1, 2
1588809988000, 26425449, 1, 1, 0, 1, 2
1588809988250, 26454396, 1, 1, 0, 1, 2
1588809988500, 26484965, 1, 1, 0, 1, 2
1588809988750, 26514650, 1, 1, 0, 1, 2
1588809989000, 26546050, 1, 1, 0, 1, 2
1588809989250, 26575513, 1, 1, 0, 1, 2
1588809989500, 26606351, 1, 1, 0, 1, 2
1588809989750, 26636584, 1, 1, 0, 1, 2
1588809990000, 26666851, 1, 1, 0, 1, 2
1588809990250, 26697816, 1, 1, 0, 1, 2
1588809990500, 26727627, 1, 1, 0, 1, 2
1588809990750, 26757098, 1, 1, 0, 1, 2
1588809991000, 26788602, 1, 1, 0, 1, 2
1588809991250, 26818026, 1, 1, 0, 1, 2
1588809991500, 26848441, 1, 1, 0, 1, 2
1588809991750, 26879810, 1, 1, 0, 1, 2
1588809992000, 26909516, 1, 1, 0, 1, 2
1588809992250, 26941127, 1, 1, 0, 1, 2
1588809992500, 26972470, 1, 1, 0, 1, 2
1588809992750, 27003770, 1, 1, 0, 1, 2
1588809993000, 27034193, 1, 1, 0, 1, 2
1588809993250, 27064573, 1, 1, 0, 1, 2
1588809993500, 27096149, 1, 1, 0, 1, 2
1588809993750, 27126947, 1, 1, 0, 1, 2
1588809994000, 27157297, 1, 1, 0, 1, 2
1588809994250, 27189416, 1, 1, 0, 1, 2
1588809994500, 27221161, 1, 1, 0, 1, 2
1588809994750, 27252486, 1, 1, 0, 1, 2
1588809995000, 27284538, 1, 1, 0, 1, 2
1588809995250, 27314878, 1, 1, 0, 1, 2
1588809995500, 27346538, 1, 1, 0, 1, 2
1588809995750, 27378571, 1, 1, 0, 1, 2
1588809996000, 27408593, 1, 1, 0, 1, 2
1588809996250, 27439556, 1, 1, 0, 1, 2
1588809996500, 27471938, 1, 1, 0, 1, 2
1588809996750, 27504426, 1, 1, 0, 1, 2
1588809997000, 27535882, 1, 1, 0, 1, 2
1588809997250, 27567261, 1, 1, 0, 1, 2
1588809997500, 27598542, 1, 1, 0, 1, 2
1588809997750, 27630755, 1, 1, 0, 1, 2
1588809998000, 27661154, 1, 1, 0, 1, 2
1588809998250, 27693102, 1, 1, 0, 1, 2
1588809998500, 27725608, 1, 1, 0, 1, 2
1588809998750, 27758298, 1, 1, 0, 1, 2
1588809999000, 27789987, 1, 1, 0, 1, 2
1588809999250, 27820788, 1, 1, 0, 1, 2
1588809999500, 27852692, 1, 1, 0, 1, 2
1588809999750, 27884734, 1, 1, 0, 1, 2
1588810000000, 27915356, 1, 1, 0, 1, 2
1588810000250, 27946343, 1, 1, 0, 1, 2
1588810000500, 27977390, 1, 1, 0, 1, 2
1588810000750, 28008942, 1, 1, 0, 1, 2
1588810001000, 28040781, 1, 1, 0, 1, 2
1588810001250, 28073841, 1, 1, 0, 1, 2
1588810001500, 28106595, 1, 1, 0, 1, 2
1588810001750, 28138717, 1, 1, 0, 1, 2
1588810002000, 28171391, 1, 1, 0, 1, 2
1588810002250, 28203349, 1, 1, 0, 1, 2
1588810002500, 28234656, 1, 1, 0, 1, 2
1588810002750, 28266772, 1, 1, 0, 1, 2
1588810003000, 28298826, 1, 1, 0, 1, 2
1588810003250, 28331513, 1, 1, 0, 1, 2
1588810003500, 28363382, 1, 1, 0, 1, 2
1588810003750, 28395544, 1, 1, 0, 1, 2
1588810004000, 28426843, 1, 1, 0, 1, 2
1588810004250, 28458709, 1, 1, 0, 1, 2
1588810004500, 28490501, 1, 1, 0, 1, 2
1588810004750, 28522764, 1, 1, 0, 1, 2
1588810005000, 28555482, 1, 1, 0, 1, 2
1588810005250, 28588429, 1, 1, 0, 1, 2
1588810005500, 28619906, 1, 1, 0, 1, 2
1588810005750, 28652826, 1, 1, 0, 1, 2
1588810006000, 28684651, 1, 1, 0, 1, 2
1588810006250, 28717930, 1, 1, 0, 1, 2
1588810006500, 28750835, 1, 1, 0, 1, 2
1588810006750, 28783574, 1, 1, 0, 1, 2
1588810007000, 28817279, 1, 1, 0, 1, 2
1588810007250, 28851242, 1, 1, 0, 1, 2
1588810007500, 28883176, 1, 1, 0, 1, 2
1588810007750, 28917022, 1, 1, 0, 1, 2
1588810008000, 28949054, 1, 1, 0, 1, 2
1588810008250, 28981046, 1, 1, 0, 1, 2
1588810008500, 29013019, 1, 1, 0, 1, 2
1588810008750, 29045831, 1, 1, 0, 1, 2
1588810009000, 29079788, 1, 1, 0, 1, 2
1588810009250, 29113384, 1, 1, 0, 1, 2
1588810009500, 29147150, 1, 1, 0, 1, 2
1588810009750, 29180177, 1, 1, 0, 1, 2
1588810010000, 29212527, 1, 1, 0, 1, 2
1588810010250, 29246325, 1, 1, 0, 1, 2
1588810010500, 29280594, 1, 1, 0, 1, 2
1588810010750, 29314088, 1, 1, 0, 1, 2
1588810011000, 29347226, 1, 1, 0, 1, 2
1588810011250, 29379980, 1, 1, 0, 1, 2
1588810011500, 29414182, 1, 1, 0, 1, 2
1588810011750, 29447565, 1, 1, 0, 1, 2
1588810012000, 29480659, 1, 1, 0, 1, 2
1588810012250, 29513127, 1, 1, 0, 1, 2
1588810012500, 29547174, 1, 1, 0, 1, 2
1588810012750, 29581789, 1, 1, 0, 1, 2
1588810013000, 29615534, 1, 1, 0, 1, 2
1588810013250, 29649788, 1, 1, 0, 1, 2
1588810013500, 29683616, 1, 1, 0, 1, 2
1588810013750, 29717844, 1, 1, 0, 1, 2
1588810014000, 29751599, 1, 1, 0, 1, 2
1588810014250, 29786483, 1, 1, 0, 1, 2
1588810014500, 29819599, 1, 1, 0, 1, 2
1588810014750, 29853172, 1, 1, 0, 1, 2
1588810015000, 29888095, 1, 1, 0, 1, 2
1588810015250, 29921151, 1, 1, 0, 1, 2
1588810015500, 29954139, 1, 1, 0, 1, 2
1588810015750, 29989027, 1, 1, 0, 1, 2
1588810016000, 30022408, 1, 1, 0, 1, 2
1588810016250, 30055666, 1, 1, 0, 1, 2
1588810016500, 30088789, 1, 1, 0, 1, 2
1588810016750, 30123915, 1, 1, 0, 1, 2
1588810017000, 30158521, 1, 1, 0, 1, 2
1588810017250, 30193561, 1, 1, 0, 1, 2
1588810017500, 30227428, 1, 1, 0, 1, 2
1588810017750, 30262462, 1, 1, 0, 1, 2
1588810018000, 30296941, 1, 1, 0, 1, 2
1588810018250, 30330681, 1, 1, 0, 1, 2
1588810018500, 30364341, 1, 1, 0, 1, 2
1588810018750, 30399890, 1, 1, 0, 1, 2
1588810019000, 30433845, 1, 1, 0, 1, 2
1588810019250, 30469132, 1, 1, 0, 1, 2
1588810019500, 30503050, 1, 1, 0, 1, 2
1588810019750, 30537886, 1, 1, 0, 1, 2
1588810020000, 30573390, 1, 1, 0, 1, 2
1588810020250, 30609068, 1, 1, 0, 1, 2
1588810020500, 30643359, 1, 1, 0, 1, 2
1588810020750, 30677847, 1, 1, 0, 1, 2
1588810021000, 30712983, 1, 1, 0, 1, 2
1588810021250, 30748233, 1, 1, 0, 1, 2
1588810021500, 30784043, 1, 1, 0, 1, 2
1588810021750, 30819992, 1, 1, 0, 1, 2
1588810022000, 30854745, 1, 1, 0, 1, 2
1588810022250, 30888690, 1, 1, 0, 1, 2
1588810022500, 30923194, 1, 1, 0, 1, 2
1588810022750, 30957379, 1, 1, 0, 1, 2
1588810023000, 30993655, 1, 1, 0, 1, 2
1588810023250, 31027983, 1, 1, 0, 1, 2
1588810023500, 31064293, 1, 1, 0, 1, 2
1588810023750, 31100713, 1, 1, 0, 1, 2
1588810024000, 31135026, 1, 1, 0, 1, 2
1588810024250, 31169183, 1, 1, 0, 1, 2
1588810024500, 31205416, 1, 1, 0, 1, 2
1588810024750, 31241386, 1, 1, 0, 1, 2
1588810025000, 31277597, 1, 1, 0, 1, 2
1588810025250, 31312274, 1, 1, 0, 1, 2
1588810025500, 31347381, 1, 1, 0, 1, 2
1588810025750, 31382137, 1, 1, 0, 1, 2
1588810026000, 31416984, 1, 1, 0, 1, 2
1588810026250, 31452581, 1, 1, 0, 1, 2
1588810026500, 31487279, 1, 1, 0, 1, 2
1588810026750, 31522837, 1, 1, 0, 1, 2
1588810027000, 31558037, 1, 1, 0, 1, 2
1588810027250, 31593333, 1, 1, 0, 1, 2
1588810027500, 31629935, 1, 1, 0, 1, 2
1588810027750, 31666810, 1, 1, 0, 1, 2
1588810028000, 31703919, 1, 1, 0, 1, 2
1588810028250, 31740908, 1, 1, 0, 1, 2
1588810028500, 31775929, 1, 1, 0, 1, 2
1588810028750, 31812231, 1, 1, 0, 1, 2
1588810029000, 31848490, 1, 1, 0, 1, 2
1588810029250, 31885704, 1, 1, 0, 1, 2
1588810029500, 31921899, 1, 1, 0, 1, 2
1588810029750, 31959219, 1, 1, 0, 1, 2
1588810030000, 31996214, 1, 1, 0, 1, 2
1588810030250, 32032711, 1, 1, 0, 1, 2
1588810030500, 32068012, 1, 1, 0, 1, 2
1588810030750, 32105040, 1, 1, 0, 1, 2
1588810031000, 32141986, 1, 1, 0, 1, 2
1588810031250, 32179244, 1, 1, 0, 1, 2
1588810031500, 32216337, 1, 1, 0, 1, 2
1588810031750, 32253605, 1, 1, 0, 1, 2
1588810032000, 32290555, 1, 1, 0, 1, 2
1588810032250, 32326979, 1, 1, 0, 1, 2
1588810032500, 32363275, 1, 1, 0, 1, 2
1588810032750, 32399457, 1, 1, 0, 1, 2
1588810033000, 32435943, 1, 1, 0, 1, 2
1588810033250, 32473130, 1, 1, 0, 1, 2
1588810033500, 32509815, 1, 1, 0, 1, 2
1588810033750, 32546856, 1, 1, 0, 1, 2
1588810034000, 32582909, 1, 1, 0, 1, 2
1588810034250, 32619489, 1, 1, 0, 1, 2
1588810034500, 32655282, 1, 1, 0, 1, 2
1588810034750, 32691656, 1, 1, 0, 1, 2
1588810035000, 32729051, 1, 1, 0, 1, 2
1588810035250, 32766491, 1, 1, 0, 1, 2
1588810035500, 32802347, 1, 1, 0, 1, 2
1588810035750, 32839419, 1, 1, 0, 1, 2
1588810036000, 32876815, 1, 1, 0, 1, 2
1588810036250, 32913021, 1, 1, 0, 1, 2
1588810036500, 32949286, 1, 1, 0, 1, 2
1588810036750, 32985358, 1, 1, 0, 1, 2
1588810037000, 33023558, 1, 1, 0, 1, 2
1588810037250, 33060761, 1, 1, 0, 1, 2
1588810037500, 33098857, 1, 1, 0, 1, 2
1588810037750, 33136753, 1, 1, 0, 1, 2
1588810038000, 33175081, 1, 1, 0, 1, 2
1588810038250, 33213504, 1, 1, 0, 1, 2
1588810038500, 33250580, 1, 1, 0, 1, 2
